deputy_id;name;party;valid_votes;missing_votes;kept_after_filter;reason_if_removed
100689;Hildo do Candango;REPUBLICANOS;97;0;True;
103758;Luciano Azevedo;PSD;335;0;True;
104552;Socorro Neri;PP;803;0;True;
107283;Gleisi Hoffmann;PT;375;1;True;
107970;Ana Paula Leão;PP;847;0;True;
109429;Benes Leocádio;UNIAO;972;2;True;
115200;Raniery Paulino;REPUBLICANOS;60;1;True;
116379;Darci de Matos;PSD;225;0;True;
121948;Adriano do Baldy;PP;886;0;True;
122158;Pedro Paulo;PSD;523;0;True;
122195;Leonardo Gadelha;PODE;55;0;True;
122974;Pedro Lucas Fernandes;UNIAO;693;1;True;
123086;Átila Lira;PP;970;0;True;
123756;Antônia Lúcia;REPUBLICANOS;752;1;True;
128760;Paulo Marinho Jr;PL;132;4;True;
129618;Gorete Pereira;MDB;25;0;True;
133439;André Figueiredo;PDT;844;0;True;
133810;Marcelo Moraes;PL;739;61;True;
136811;Afonso Hamm;PP;754;0;True;
137070;Vicentinho Júnior;PSDB;713;0;True;
138286;Luciano Alves;PSD;639;0;True;
139285;Lídice da Mata;PSB;900;0;True;
141391;Arnaldo Jardim;CIDADANIA;679;1;True;
141398;Carlos Zarattini;PT;877;3;True;
141408;Cleber Verde;MDB;886;1;True;
141411;Dagoberto Nogueira;PP;903;4;True;
141421;Eduardo da Fonte;PP;799;1;True;
141431;Fernando Coelho Filho;UNIAO;730;8;True;
141450;Hugo Leal;PSD;662;0;True;
141456;Jilmar Tatto;PT;768;0;True;
141458;João Carlos Bacelar;PL;534;1;True;
141459;João Maia;PP;806;4;True;
141464;José Airton Félix Cirilo;PT;676;4;True;
141470;José Guimarães;PT;932;5;True;
141480;Lázaro Botelho;PP;674;1;True;
141485;Luiz Carlos Busato;UNIAO;872;0;True;
141487;Luiz Fernando Faria;PSD;785;1;True;
141488;Paulo Teixeira;PT;33;0;True;
141516;Paulo Abi-Ackel;PSDB;708;0;True;
141518;Paulinho da Força;SOLIDARIEDADE;348;0;True;
141531;Rodrigo de Castro;UNIAO;816;2;True;
141533;Rodrigo Rollemberg;PSB;264;0;True;
141555;Vinicius Carvalho;REPUBLICANOS;644;0;True;
143084;Tiago Dimas;PODE;254;0;True;
143632;Domingos Neto;PSD;533;1;True;
143942;Caio Vianna;PSD;548;0;True;
150418;Márcio Marinho;REPUBLICANOS;812;1;True;
152605;Glauber Braga;PSOL;712;49;True;
153423;Renilce Nicodemos;MDB;640;0;True;
154178;Milton Vieira;REPUBLICANOS;73;0;True;
156190;Marcel van Hattem;NOVO;921;104;True;
157130;Túlio Gadêlha;REDE;796;4;True;
160161;Marcelo Queiroz;PSDB;723;13;True;
160508;Afonso Florence;PT;49;0;True;
160510;Luis Tibé;AVANTE;418;0;True;
160512;Aureo Ribeiro;SOLIDARIEDADE;747;4;True;
160517;Paulo Folletto;PSB;687;12;True;
160518;Weliton Prado;SOLIDARIEDADE;721;24;True;
160527;Aguinaldo Ribeiro;PP;575;3;True;
160535;Marcon;PT;862;5;True;
160538;Bohn Gass;PT;910;4;True;
160541;Arthur Lira;PP;94;318;True;
160545;Alexandre Leite;UNIAO;395;2;True;
160548;Jonas Donizette;PSB;896;2;True;
160552;Danrlei de Deus Hinterholz;PSD;398;0;True;
160553;Antonio Brito;PSD;353;0;True;
160556;Padre João;PT;924;2;True;
160558;Paulo Freire Costa;PL;812;72;True;
160559;Alceu Moreira;MDB;849;0;True;
160561;Missionário José Olimpio;PL;271;0;True;
160569;Waldenor Pereira;PT;767;0;True;
160575;Erika Kokay;PT;1026;3;True;
160588;Diego Andrade;PSD;579;0;True;
160591;Vinicius Gurgel;PL;677;39;True;
160592;Zeca Dirceu;PT;809;8;True;
160598;Flávia Morais;PDT;729;1;True;
160599;Dimas Fabiano;PP;829;5;True;
160600;Arthur Oliveira Maia;UNIAO;616;4;True;
160601;Pr. Marco Feliciano;PL;900;49;True;
160604;Pedro Uczai;PT;844;5;True;
160610;Valmir Assunção;PT;803;4;True;
160621;Sandro Alex;PSD;50;0;True;
160629;Romero Rodrigues;PODE;908;18;True;
160632;Zé Silva;SOLIDARIEDADE;746;0;True;
160635;Ruy Carneiro;PODE;726;1;True;
160640;Eros Biondini;PL;825;69;True;
160641;Professora Marcivania;PCDOB;282;0;True;
160642;Pastor Eurico;PL;816;49;True;
160665;Augusto Coutinho;REPUBLICANOS;879;1;True;
160666;Félix Mendonça Júnior;PDT;896;4;True;
160673;Giovani Cherini;PL;824;62;True;
160674;Hugo Motta;REPUBLICANOS;308;264;True;
160758;Domingos Sávio;PL;804;46;True;
160976;Tiririca;PSD;766;19;True;
161440;Pezenti;MDB;919;0;True;
161550;Emidinho Madeira;PL;626;49;True;
162067;Kiko Celeguim;PT;844;5;True;
162332;Luiz Nishimori;PSD;729;2;True;
163321;Ronaldo Nogueira;REPUBLICANOS;617;0;True;
164360;Carmen Zanotto;CIDADANIA;97;1;True;
165470;Rodrigo Valadares;UNIAO;858;1;True;
166402;Magda Mofatto;PL;813;3;True;
171139;Loreny;SOLIDARIEDADE;38;0;True;
171617;Paulão;PT;871;8;True;
171623;Fabio Reis;PSD;380;0;True;
171786;Miguel Ângelo;PT;764;1;True;
175765;Ribamar Silva;PSD;386;0;True;
178829;Capitão Augusto;PL;850;67;True;
178831;André Abdon;PP;259;0;True;
178832;Leandre;PSD;37;0;True;
178835;Afonso Motta;PDT;932;0;True;
178843;Marx Beltrão;PP;762;0;True;
178854;Elmar Nascimento;UNIAO;296;6;True;
178857;Jorge Solla;PT;794;5;True;
178858;Mário Negromonte Jr.;PP;781;0;True;
178860;Paulo Azi;UNIAO;744;1;True;
178866;Luizianne Lins;PT;807;19;True;
178871;Evair Vieira de Melo;PP;857;0;True;
178873;Helder Salomão;PT;1091;5;True;
178876;Célio Silveira;MDB;667;1;True;
178881;Aluisio Mendes;REPUBLICANOS;837;0;True;
178882;André Fufuca;PP;85;0;True;
178884;Hildo Rocha;MDB;509;6;True;
178886;Juscelino Filho;PSDB;336;0;True;
178887;Rubens Pereira Júnior;PT;1038;1;True;
178895;Misael Varella;PSD;749;2;True;
178896;Newton Cardoso Jr;MDB;464;11;True;
178905;Fabio Garcia;UNIAO;114;0;True;
178908;Delegado Éder Mauro;PL;741;45;True;
178909;Hélio Leite;UNIAO;243;0;True;
178910;Joaquim Passarinho;PL;876;74;True;
178927;Aliel Machado;PV;530;1;True;
178929;Diego Garcia;UNIAO;896;3;True;
178931;Luciano Ducci;PSB;827;0;True;
178933;Sergio Souza;MDB;762;1;True;
178934;Toninho Wandscheer;PP;929;0;True;
178937;Altineu Côrtes;PL;318;79;True;
178943;Marcos Soares;PSDB;488;3;True;
178945;Rosangela Gomes;REPUBLICANOS;76;0;True;
178946;Soraya Santos;PL;753;60;True;
178947;Sóstenes Cavalcante;PL;434;86;True;
178954;Lucio Mosquini;MDB;601;19;True;
178962;Carlos Gomes;REPUBLICANOS;231;0;True;
178963;Covatti Filho;PP;771;2;True;
178964;Heitor Schuch;PSD;571;17;True;
178966;Geovania de Sá;PSDB;702;7;True;
178970;João Daniel;PT;787;5;True;
178972;Alex Manente;CIDADANIA;427;0;True;
178975;Baleia Rossi;MDB;575;1;True;
178983;Marcio Alvino;PL;830;73;True;
178985;Miguel Lombardi;PL;822;66;True;
178986;Nilto Tatto;PT;943;4;True;
178987;Orlando Silva;PCDOB;853;1;True;
178989;Renata Abreu;PODE;641;1;True;
178992;Vitor Lippi;PSD;793;11;True;
178993;Carlos Henrique Gaguim;UNIAO;877;1;True;
178997;Moses Rodrigues;UNIAO;777;0;True;
179000;Marcelo Álvaro Antônio;PL;700;47;True;
179001;Márcio Biolchi;MDB;712;0;True;
180214;Pastor Diniz;UNIAO;827;1;True;
182146;Wolmer Araújo;SOLIDARIEDADE;57;1;True;
188097;Merlong Solano;PT;994;3;True;
191923;Flávio Nogueira;PT;1058;3;True;
198197;Greyce Elias;AVANTE;653;0;True;
198783;Emanuel Pinheiro Neto;PSD;709;2;True;
204351;Dr. Luiz Ovando;PP;889;0;True;
204353;Aline Gurgel;UNIAO;99;0;True;
204355;Da Vitoria;PP;906;0;True;
204356;Amaro Neto;PP;945;0;True;
204358;Beto Pereira;PSDB;725;2;True;
204360;Silvia Cristina;PP;826;42;True;
204361;Carlos Chiodini;MDB;348;0;True;
204362;Ricardo Guidi;PL;585;4;True;
204364;Eli Borges;REPUBLICANOS;753;53;True;
204365;Gilson Marques;NOVO;984;106;True;
204367;Daniel Freitas;PL;815;55;True;
204368;Fabio Schiochet;UNIAO;891;0;True;
204369;Caroline de Toni;PL;937;46;True;
204372;Julio Cesar Ribeiro;REPUBLICANOS;682;0;True;
204374;Bia Kicis;PL;942;62;True;
204376;Coronel Armando;PP;152;0;True;
204378;Coronel Chrisóstomo;PL;816;73;True;
204379;Acácio Favacho;MDB;750;1;True;
204387;Sargento Fahur;PL;1003;1;True;
204388;Bibo Nunes;PL;883;68;True;
204390;Professor Alcides;PL;760;54;True;
204391;José Nelto;UNIAO;610;2;True;
204394;Gervásio Maia;PCDOB;1006;2;True;
204395;Pedro Lupion;REPUBLICANOS;643;0;True;
204396;Vermelho;PP;562;29;True;
204398;Felipe Francischini;PODE;954;1;True;
204404;Lucas Redecker;PSD;1087;0;True;
204406;Pedro Westphalen;PP;822;0;True;
204407;Fernanda Melchionna;PSOL;833;30;True;
204408;Gustinho Ribeiro;REPUBLICANOS;852;0;True;
204409;Daniel Trzeciak;PSDB;830;1;True;
204410;Luisa Canziani;PSD;566;0;True;
204411;Filipe Barros;PL;567;39;True;
204412;Dr. Zacharias Calil;UNIAO;863;2;True;
204416;Sanderson;PL;852;64;True;
204419;Glaustin da Fokus;PODE;575;8;True;
204422;Ossesio Silva;REPUBLICANOS;754;0;True;
204423;André Ferreira;PL;588;17;True;
204425;Silvio Costa Filho;REPUBLICANOS;121;0;True;
204426;Carlos Veras;PT;957;45;True;
204427;Fernando Rodolfo;PRD;719;58;True;
204431;Marcos Aurélio Sampaio;PSD;809;0;True;
204433;Marcelo Calero;PSD;17;0;False;too_few_valid_votes (<20 over retained roll calls)
204436;Isnaldo Bulhões Jr.;MDB;300;1;True;
204441;Otoni de Paula;PSD;631;6;True;
204444;Helio Lopes;PL;690;46;True;
204445;Fernando Mineiro;PT;835;4;True;
204448;Luiz Antônio Corrêa;PP;268;0;True;
204449;Nelson Barbudo;PL;298;19;True;
204450;Doutor Luizinho;PP;257;1;True;
204453;Natália Bonavides;PT;801;4;True;
204455;Luiz Lima;NOVO;902;103;True;
204456;Gutemberg Reis;MDB;898;1;True;
204457;Juninho do Pneu;UNIAO;872;0;True;
204459;Daniela do Waguinho;REPUBLICANOS;752;0;True;
204460;Carlos Jordy;PL;900;50;True;
204462;Chris Tonietto;PL;905;52;True;
204464;Talíria Petrone;PSOL;650;4;True;
204472;José Medeiros;PL;816;49;True;
204473;General Girão;PL;823;71;True;
204474;Juarez Costa;REPUBLICANOS;722;0;True;
204476;Chiquinho Brazão;UNIAO;168;0;True;
204479;Nicoletti;PL;901;0;True;
204480;Rogério Correia;PT;882;2;True;
204481;Dr. Jaziel;PL;842;49;True;
204482;Euclydes Pettersen;REPUBLICANOS;450;0;True;
204485;Luiz Carlos Motta;PL;805;32;True;
204486;Mauro Benevides Filho;PDT;899;2;True;
204488;Célio Studart;PSD;632;0;True;
204489;Robério Monteiro;PDT;625;0;True;
204491;Gilberto Abramo;REPUBLICANOS;743;0;True;
204492;Paulo Guedes;PT;901;3;True;
204494;Fred Costa;PRD;378;2;True;
204495;Airton Faleiro;PT;842;3;True;
204496;Celso Sabino;PDT;144;0;True;
204497;Júnior Ferrari;PSD;824;6;True;
204498;Olival Marques;MDB;845;1;True;
204501;Alencar Santana;PT;1000;4;True;
204504;Cezinha de Madureira;PL;867;0;True;
204506;Marcos Pereira;REPUBLICANOS;564;47;True;
204507;Carla Zambelli;PL;453;60;True;
204508;Igor Timo;PSD;824;0;True;
204511;David Soares;UNIAO;548;17;True;
204512;Delegado Marcelo Freitas;UNIAO;1075;0;True;
204514;Coronel Tadeu;PL;57;0;True;
204515;André Janones;REDE;802;0;True;
204517;Zé Vitor;PL;378;22;True;
204518;Dr. Frederico;PRD;723;0;True;
204520;Junio Amaral;PL;741;35;True;
204522;Marco Bertaiolli;PSD;103;0;True;
204524;Pinheirinho;PP;375;1;True;
204525;Rosana Valle;PL;819;58;True;
204526;Luiz Philippe de Orleans e Bragança;PL;834;50;True;
204528;Adriana Ventura;NOVO;838;106;True;
204531;Guilherme Derrite;PP;99;0;True;
204533;Idilvan Alencar;PSB;512;0;True;
204534;Tabata Amaral;PSB;930;1;True;
204535;Sâmia Bomfim;PSOL;849;33;True;
204536;Kim Kataguiri;MISSAO;913;7;True;
204539;Hercílio Coelho Diniz;MDB;684;0;True;
204540;Maria Rosas;REPUBLICANOS;890;0;True;
204541;Eduardo Bismarck;PV;480;2;True;
204549;AJ Albuquerque;PP;701;3;True;
204550;Júnior Mano;PSB;391;5;True;
204553;Pastor Sargento Isidório;AVANTE;919;7;True;
204557;Sidney Leite;PSD;819;11;True;
204558;Marcelo Nilo;REPUBLICANOS;31;0;True;
204559;Zé Neto;PT;709;9;True;
204560;Adolfo Viana;PSDB;578;0;True;
204563;Josimar Maranhãozinho;PL;474;12;True;
204566;Marreca Filho;PRD;547;3;True;
204567;Raimundo Costa;PODE;690;1;True;
204570;Pastor Gil;PL;633;13;True;
204571;Alex Santana;REPUBLICANOS;591;4;True;
204572;Capitão Alberto Neto;PL;873;57;True;
204573;Otto Alencar Filho;PSD;715;0;True;
204574;Junior Lourenço;PL;531;0;True;
205476;Charles Fernandes;PSD;814;7;True;
205550;Jorge Braz;REPUBLICANOS;920;0;True;
205865;Reinhold Stephanes;PSD;727;2;True;
206018;Célia Xakriabá;PSOL;780;4;True;
208297;Katia Dias;REPUBLICANOS;106;0;True;
209189;Joseildo Ramos;PT;816;4;True;
209787;Nikolas Ferreira;PL;917;63;True;
210989;Bruno Farias;REPUBLICANOS;771;5;True;
212625;Dr. Gonçalo;PODE;57;0;True;
213274;Ricardo Silva;PSD;267;0;True;
213762;Carla Dickson;UNIAO;445;0;True;
214694;Jorge Goetten;REPUBLICANOS;823;26;True;
215043;Josivaldo JP;PSD;752;3;True;
217480;Jones Moura;PSD;135;2;True;
218086;Ely Santos;REPUBLICANOS;826;2;True;
219585;Marco Brasil;PP;461;1;True;
220008;Eliza Virgínia;PP;67;5;True;
220526;Gilvan da Federal;PL;721;76;True;
220527;Jack Rocha;PT;937;5;True;
220528;Dr. Victor Linhalis;PODE;823;0;True;
220529;Gilson Daniel;PODE;1006;1;True;
220530;Messias Donato;REPUBLICANOS;931;2;True;
220531;Gilvan Maximo;REPUBLICANOS;563;0;True;
220532;Rafael Prudente;MDB;726;4;True;
220533;Prof. Reginaldo Veras;PV;895;0;True;
220534;Fred Linhares;REPUBLICANOS;869;0;True;
220536;Zé Haroldo Cathedral;PSD;965;1;True;
220537;Helena Lima;MDB;596;3;True;
220538;Albuquerque;REPUBLICANOS;829;0;True;
220539;Defensor Stélio Dener;UNIAO;995;0;True;
220540;Duda Ramos;MDB;644;0;True;
220542;Alexandre Guimarães;MDB;740;0;True;
220543;Ricardo Ayres;REPUBLICANOS;1130;0;True;
220544;Antonio Andrade;REPUBLICANOS;934;3;True;
220545;Filipe Martins;PL;849;70;True;
220546;Rodolfo Nogueira;PL;932;79;True;
220547;Marcos Pollon;PL;1031;60;True;
220548;Camila Jara;PT;844;3;True;
220549;Any Ortiz;CIDADANIA;864;0;True;
220550;Mauricio Marcon;PL;1046;3;True;
220551;Franciane Bayer;REPUBLICANOS;905;0;True;
220552;Zucco;PL;1054;24;True;
220553;Denise Pessôa;PT;887;4;True;
220554;Alexandre Lindenmeyer;PT;785;3;True;
220555;Daiana Santos;PCDOB;828;2;True;
220556;Ana Paula Lima;PT;883;3;True;
220557;Daniela Reinehr;PL;795;62;True;
220558;Zé Trovão;PL;851;66;True;
220559;Julia Zanatta;PL;899;56;True;
220560;Thiago de Joaldo;PP;745;1;True;
220561;Delegada Katarina;PSD;943;5;True;
220563;Icaro de Valmir;PL;775;6;True;
220564;Yandra Moura;UNIAO;601;0;True;
220565;Delegada Adriana Accorsi;PT;729;1;True;
220566;Lêda Borges;PSDB;691;2;True;
220567;Jeferson Rodrigues;REPUBLICANOS;717;1;True;
220568;Gustavo Gayer;PL;836;61;True;
220569;Silvye Alves;UNIAO;757;0;True;
220570;Dr. Ismael Alexandrino;PSD;724;2;True;
220571;Daniel Agrobom;PL;955;25;True;
220572;Marussa Boldrin;MDB;563;0;True;
220573;Dorinaldo Malafaia;PDT;759;3;True;
220574;Cabo Gilberto Silva;PL;953;57;True;
220575;Sonize Barbosa;PL;344;54;True;
220576;Alfredo Gaspar;PL;1014;3;True;
220577;Augusto Puppio;MDB;606;0;True;
220578;Josenildo;PDT;972;2;True;
220579;Silvia Waiãpi;PL;464;53;True;
220580;Professora Goreth;PDT;486;0;True;
220581;Luciano Amaral;PSD;900;0;True;
220582;Daniel Barbosa;PP;716;1;True;
220583;Delegado Fabio Costa;PP;994;1;True;
220584;Murilo Galdino;REPUBLICANOS;849;0;True;
220585;Mersinho Lucena;PSD;691;0;True;
220586;Rafael Brito;MDB;821;1;True;
220587;Gerlen Diniz;PP;528;0;True;
220588;Roberto Duarte;REPUBLICANOS;1196;0;True;
220589;Eduardo Velloso;SOLIDARIEDADE;752;4;True;
220590;Coronel Ulysses;UNIAO;894;0;True;
220591;Meire Serafim;UNIAO;813;1;True;
220592;Zezinho Barbary;PP;777;0;True;
220593;Abilio Brunini;PL;317;57;True;
220594;Coronel Assis;PL;967;2;True;
220595;Coronel Fernanda;PL;938;74;True;
220596;Amália Barros;PL;269;40;True;
220597;Thiago Flores;REPUBLICANOS;829;0;True;
220598;Tarcísio Motta;PSOL;1009;9;True;
220599;Marcelo Crivella;REPUBLICANOS;921;2;True;
220600;Lebrão;UNIAO;495;2;True;
220601;Washington Quaquá;PT;283;0;True;
220602;Dimas Gadelha;PT;837;0;True;
220603;Dani Cunha;PL;820;0;True;
220604;Marcos Tavares;PDT;810;0;True;
220605;Bandeira de Mello;PV;925;0;True;
220606;Reimont;PT;893;2;True;
220607;Max Lemos;PDT;919;0;True;
220608;Cristiane Lopes;PODE;897;0;True;
220609;Maurício Carvalho;UNIAO;827;0;True;
220610;Dr. Fernando Máximo;UNIAO;793;0;True;
220611;General Pazuello;PL;869;75;True;
220612;Bebeto;PP;985;2;True;
220613;Roberto Monteiro Pai;PL;818;76;True;
220614;Dr. Daniel Soranz;PSD;184;0;True;
220615;Pastor Henrique Vieira;PSOL;948;12;True;
220616;Luciano Vieira;PSDB;753;9;True;
220617;Murillo Gouvea;UNIAO;881;1;True;
220618;Sargento Portugal;PODE;886;0;True;
220619;Delegado Ramagem;PL;892;66;True;
220620;Rosângela Reis;PL;913;37;True;
220621;Sargento Gonçalves;PL;907;91;True;
220622;Nely Aquino;PODE;758;2;True;
220623;Duda Salabert;PSOL;823;9;True;
220624;Robinson Faria;PP;1013;0;True;
220625;Delegada Ione;AVANTE;772;1;True;
220626;Rafael Simoes;UNIAO;881;2;True;
220627;Paulinho Freire;UNIAO;391;6;True;
220628;Mauricio do Vôlei;PL;809;64;True;
220629;Dandara;PT;713;0;True;
220630;Pedro Aihara;PP;857;0;True;
220631;Samuel Viana;REPUBLICANOS;848;3;True;
220632;Ana Pimentel;PT;899;4;True;
220633;Ricardo Salles;NOVO;622;65;True;
220634;Marcelo Lima;PSB;186;3;True;
220635;Bruno Ganem;PODE;919;1;True;
220637;Marina Silva;REDE;31;5;True;
220638;Antonio Carlos Rodrigues;PL;884;56;True;
220639;Guilherme Boulos;PSOL;647;4;True;
220640;Juliana Cardoso;PT;806;2;True;
220641;Rodrigo Gambale;PODE;907;1;True;
220642;Delegado Bruno Lima;PODE;566;2;True;
220643;Sônia Guajajara;PSOL;35;0;True;
220644;Rosangela Moro;UNIAO;925;2;True;
220645;Erika Hilton;PSOL;706;3;True;
220646;Felipe Becari;PODE;641;0;True;
220647;Mauricio Neves;PP;569;0;True;
220648;Marangoni;UNIAO;740;0;True;
220649;Delegado da Cunha;UNIAO;728;0;True;
220650;Paulo Alexandre Barbosa;PSDB;860;1;True;
220651;Simone Marquetto;MDB;671;0;True;
220652;Delegado Palumbo;PODE;1001;1;True;
220653;Fábio Teruel;MDB;881;2;True;
220654;Delegado Paulo Bilynskyj;PL;1038;74;True;
220655;Mario Frias;PL;695;71;True;
220656;Fernanda Pessoa;PSD;930;0;True;
220657;André Fernandes;PL;715;35;True;
220658;Luiz Gastão;PSD;782;1;True;
220659;Dayany Bittencourt;UNIAO;834;0;True;
220660;Yury do Paredão;MDB;636;0;True;
220661;Matheus Noronha;PL;720;9;True;
220662;Lucas Ramos;PSB;912;0;True;
220663;Eriberto Medeiros;PSB;834;0;True;
220664;Guilherme Uchoa;PSD;860;0;True;
220665;Clarissa Tércio;PP;814;0;True;
220666;Coronel Meira;PL;958;68;True;
220667;Pedro Campos;PSB;937;3;True;
220668;Maria Arraes;PSB;969;1;True;
220669;Lula da Fonte;PP;773;29;True;
220670;Iza Arruda;MDB;761;0;True;
220671;Dilvanda Faro;PT;908;5;True;
220672;Henderson Pinto;MDB;789;0;True;
220673;Delegado Caveira;PL;812;56;True;
220674;Dra. Alessandra Haber;PODE;592;0;True;
220675;Antônio Doido;MDB;843;0;True;
220676;Andreia Siqueira;MDB;731;0;True;
220677;Keniston Braga;MDB;772;0;True;
220681;Fábio Macedo;PODE;664;5;True;
220682;Tadeu Veneri;PT;844;1;True;
220683;Beto Richa;PSDB;943;1;True;
220684;Tião Medeiros;PP;732;3;True;
220685;Paulo Litro;PSD;859;0;True;
220686;Duarte Jr.;AVANTE;933;4;True;
220687;Márcio Honaiser;PDT;743;21;True;
220688;Dr. Francisco;PT;901;2;True;
220689;Detinha;PL;488;12;True;
220690;Capitão Alden;PL;917;69;True;
220691;Diego Coronel;REPUBLICANOS;953;2;True;
220692;Dal Barreto;UNIAO;752;8;True;
220693;Roberta Roma;PL;684;35;True;
220694;Ricardo Maia;MDB;813;0;True;
220695;Rogéria Santos;REPUBLICANOS;812;2;True;
220696;Ivoneide Caetano;PT;884;2;True;
220697;Jadyel Alencar;REPUBLICANOS;695;1;True;
220698;Beto Preto;PSD;111;2;True;
220699;Castro Neto;PSD;803;0;True;
220700;Florentino Neto;PT;830;3;True;
220701;Delegado Matheus Laiola;UNIAO;948;0;True;
220702;Geraldo Mendes;UNIAO;631;1;True;
220703;Neto Carletto;AVANTE;864;0;True;
220704;Carol Dartora;PT;655;0;True;
220705;Deltan Dallagnol;PODE;75;0;True;
220706;Padovani;UNIAO;482;0;True;
220707;Amanda Gentil;PP;609;2;True;
220708;Gabriel Nunes;PSD;940;0;True;
220712;Fausto Jr.;UNIAO;684;0;True;
220713;Saullo Vianna;MDB;475;0;True;
220714;Adail Filho;MDB;927;0;True;
220715;Amom Mandel;CIDADANIA;678;0;True;
221148;Alfredinho;PT;948;3;True;
221328;Adilson Barroso;PL;776;77;True;
221329;Ricardo Abrão;PSDB;443;0;True;
221338;Professora Luciene Cavalcante;PSOL;926;3;True;
221339;Dr. Benjamim;UNIAO;404;0;True;
221378;Reginete Bispo;PT;414;0;True;
222142;Coronel Telhada;PP;336;0;True;
222429;Luis Carlos Gomes;REPUBLICANOS;820;1;True;
222565;Soldado Noelio;UNIAO;36;0;True;
223128;Rodrigo Estacho;PSD;795;0;True;
223398;Ulisses Guimarães;MDB;70;0;True;
224117;Gabriel Mota;UNIAO;926;0;True;
224333;Welter;PT;868;2;True;
225386;Renan Ferreirinha;PSD;74;0;True;
225727;Flavinha;MDB;103;0;True;
225730;Enfermeira Ana Paula;PODE;285;4;True;
225846;Itamar Paim;PL;13;0;False;too_few_valid_votes (<20 over retained roll calls)
226075;Priscila Costa;PL;108;21;True;
226179;Gisela Simona;UNIAO;1019;2;True;
226410;Márcio Correa;MDB;94;2;True;
226553;Eliane Braz;PSD;74;0;True;
226708;Allan Garcês;PP;681;0;True;
226837;Saulo Pedroso;PSD;626;0;True;
227275;Mariana Carvalho;REPUBLICANOS;75;0;True;
227310;Silvio Antonio;PL;156;28;True;
227323;Luciano Galego;PL;56;21;True;
227324;Henrique Júnior;PL;80;4;True;
227370;Felipe Saliba;PRD;85;0;True;
227401;Dr Fabio Rueda;UNIAO;74;0;True;
227433;Douglas Viegas;UNIAO;581;0;True;
227660;Nitinho;PSD;294;0;True;
227800;Duarte Gonçalves Jr;REPUBLICANOS;65;0;True;
227991;Dr Flávio;PL;166;0;True;
228042;Naumi Amorim;PSD;24;0;True;
228272;Délio Pinheiro;PDT;50;0;True;
228616;Dr. Remy Soares;PP;58;0;True;
228797;Júlio Oliveira;PP;71;0;True;
228837;Juliana Kolankiewicz;MDB;75;0;True;
228941;Daniel José;PODE;57;1;True;
229069;Capitão Samuel;PP;38;10;True;
229082;Lucyana Genésio;PDT;44;0;True;
229106;Carla Ayres;PT;61;0;True;
229112;Pedro Jr;PL;52;22;True;
229225;Michele Collins;PP;58;0;True;
229259;Pedro Tourinho;PT;65;0;True;
229333;Gláucia Santiago;PL;58;20;True;
229432;Luiz Fernando Vampiro;MDB;374;1;True;
229585;Elisangela Araujo;PT;89;0;True;
229939;Newton Bonin;UNIAO;113;0;True;
230088;Dra. Mayra Pinheiro;PL;75;3;True;
230177;Tadeu Oliveira;PL;77;2;True;
230762;Pastor Claudio Mariano;UNIAO;254;0;True;
230764;Ivan Júnior;UNIAO;20;0;True;
230765;Enfermeira Rejane;PCDOB;417;0;True;
230767;Rodrigo da Zaeli;PL;444;8;True;
230768;Zé Adriano;PP;443;0;True;
230957;João Cury;MDB;342;0;True;
231911;Lenir de Assis;PT;380;3;True;
233218;Nelinho Freitas;MDB;92;0;True;
233592;Paulo Lemos;PT;160;0;True;
233594;Rafael Fera;PODE;230;0;True;
233598;Samuel Santos;PODE;155;0;True;
234253;Lucas Abrahao;REDE;72;3;True;
234310;Ricardo Galvão;REDE;124;9;True;
234388;Fabiano Cazeca;PRD;59;0;True;
234406;Elmano Férrer;PP;70;0;True;
234673;Vanderlan Alves;REPUBLICANOS;123;0;True;
234788;Heloísa Helena;REDE;82;1;True;
234840;Cristiano Furlan;REDE;22;0;True;
235088;Ribeiro Neto;SOLIDARIEDADE;86;6;True;
235620;Ilacir Bicalho;REPUBLICANOS;34;0;True;
235712;Vavá;AVANTE;35;0;True;
235776;Sérgio Turra;PP;42;0;True;
235800;Jorge Araújo;PP;24;0;True;
235869;João Carlos;REPUBLICANOS;31;0;True;
62881;Danilo Forte;UNIAO;709;1;True;
66385;Julio Arcoverde;PP;692;1;True;
66828;Fausto Pinato;PP;788;13;True;
68720;Fábio Henrique;UNIAO;56;0;True;
69871;Bacelar;PV;1020;2;True;
72442;Felipe Carreras;PSB;748;1;True;
73433;Arlindo Chinaglia;PT;881;2;True;
73441;Celso Russomanno;REPUBLICANOS;743;10;True;
73486;Pompeo de Mattos;PDT;837;16;True;
73531;Ivan Valente;PSOL;830;6;True;
73579;Alberto Fraga;PL;906;53;True;
73604;Rui Falcão;PT;912;9;True;
73692;Osmar Terra;PL;767;12;True;
73701;Benedita da Silva;PT;811;5;True;
73768;Dilceu Sperafico;PP;942;2;True;
73778;Luiz Carlos Hauly;PODE;700;4;True;
73788;Ricardo Barros;PP;313;0;True;
73801;Renildo Calheiros;PCDOB;998;1;True;
73806;Roseana Sarney;MDB;248;0;True;
73808;Sérgio Brito;PSD;132;1;True;
74041;Luiz Couto;PT;1166;3;True;
74043;Wellington Roberto;PL;543;55;True;
74044;Wilson Santiago;REPUBLICANOS;677;1;True;
74052;Bosco Costa;PL;64;0;True;
74057;Alice Portugal;PCDOB;980;2;True;
74060;Daniel Almeida;PCDOB;853;2;True;
74065;Fatima Pelaes;REPUBLICANOS;140;0;True;
74075;Elcione Barbalho;MDB;466;1;True;
74079;José Priante;MDB;499;0;True;
74084;Raimundo Santos;PSD;947;1;True;
74090;Átila Lins;PSD;674;1;True;
74095;Pauderney Avelino;UNIAO;473;3;True;
74141;Josias Gomes;PT;772;0;True;
74156;Leonardo Monteiro;PT;807;3;True;
74158;Mário Heringer;PDT;656;4;True;
74159;Odair Cunha;PT;885;4;True;
74160;Patrus Ananias;PT;1005;2;True;
74161;Reginaldo Lopes;PT;617;3;True;
74171;Chico Alencar;PSOL;1054;10;True;
74253;Julio Lopes;PP;686;1;True;
74262;Carlos Sampaio;PSD;823;3;True;
74270;Gilberto Nascimento;PODE;268;56;True;
74273;Jefferson Campos;PL;829;69;True;
74283;Vicentinho;PT;836;3;True;
74295;Inácio Arruda;PCDOB;28;2;True;
74299;Leônidas Cristino;PDT;675;2;True;
74317;Júlio Cesar;PSD;715;1;True;
74356;Silas Câmara;REPUBLICANOS;574;0;True;
74371;Rubens Otoni;PT;712;2;True;
74374;Geraldo Resende;PSDB;871;0;True;
74376;Vander Loubet;PT;814;4;True;
74383;Giacobo;PL;415;43;True;
74398;Maria do Rosário;PT;756;22;True;
74400;Paulo Pimenta;PT;434;3;True;
74428;Mendonça Filho;UNIAO;874;26;True;
74454;Eunício Oliveira;MDB;521;74;True;
74467;Damião Feliciano;UNIAO;760;0;True;
74478;Luciano Bivar;UNIAO;300;2;True;
74537;Claudio Cajado;PP;835;2;True;
74550;João Leão;PP;750;4;True;
74554;José Rocha;UNIAO;761;0;True;
74574;Paulo Magalhães;PSD;918;3;True;
74585;Lincoln Portela;PL;744;79;True;
74646;Aécio Neves;PSDB;507;0;True;
74696;Alberto Mourão;MDB;275;1;True;
74784;Luiza Erundina;PSOL;778;4;True;
74848;Jandira Feghali;PCDOB;951;2;True;
74856;Laura Carneiro;PSD;950;5;True;
74858;Lindbergh Farias;PT;938;3;True;
77003;Sergio Santos Rodrigues;PODE;82;0;True;
80815;Leo Prates;PDT;833;1;True;
81055;Márcio Jerry;PCDOB;911;0;True;
88256;Clodoaldo Magalhães;PV;829;2;True;
89536;Prof. Paulo Fernando;REPUBLICANOS;229;4;True;
91228;Waldemar Oliveira;AVANTE;1087;2;True;
92102;Leur Lomanto Júnior;UNIAO;713;1;True;
92346;Eduardo Bolsonaro;PL;349;41;True;
92699;Fernando Monteiro;PSD;791;1;True;
92776;Stefano Aguiar;PSD;615;27;True;
98057;Lafayette de Andrada;REPUBLICANOS;657;0;True;
98148;Cobalchini;MDB;924;7;True;
98615;Ismael;PSD;811;18;True;
