"deputy_id","name","party","correctYea","wrongYea","wrongNay","correctNay","GMP","CC","coord1D","coord2D","se1D","se2D","corr.1"
"100689","Hildo do Candango","REPUBLICANOS",64,0,2,31,0.8907442092895508,0.979381443298969,0.2872888445854187,0.9578439593315125,0,0,0
"103758","Luciano Azevedo","PSD",181,34,14,106,0.7222015261650085,0.8567164179104477,0.2986008822917938,-0.12471343576908112,0,0,0
"104552","Socorro Neri","PP",395,64,57,287,0.6982882618904114,0.8493150684931506,0.46502551436424255,-0.43149664998054504,0,0,0
"107283","Gleisi Hoffmann","PT",219,2,6,148,0.8991051316261292,0.9786666666666667,0.8378192186355591,0.024023408070206642,0,0,0
"107970","Ana Paula Leão","PP",376,111,82,278,0.6427228450775146,0.7721369539551358,-0.07064642757177353,-0.11557488143444061,0,0,0
"109429","Benes Leocádio","UNIAO",565,27,23,357,0.8471270799636841,0.948559670781893,0.30483657121658325,0.2683044672012329,0,0,0
"115200","Raniery Paulino","REPUBLICANOS",35,0,3,22,0.8353276252746582,0.95,0.21531067788600922,0.9765455722808838,0,0,0
"116379","Darci de Matos","PSD",125,17,11,72,0.7546486854553223,0.8755555555555555,0.17602525651454926,-0.06604604423046112,0,0,0
"121948","Adriano do Baldy","PP",531,20,8,327,0.8880904912948608,0.9683972911963883,0.3699558973312378,0.6535943150520325,0,0,0
"122158","Pedro Paulo","PSD",298,32,33,160,0.6754091382026672,0.875717017208413,0.45218148827552795,-0.028014512732625008,0,0,0
"122195","Leonardo Gadelha","PODE",34,0,1,20,0.9178734421730042,0.9818181818181818,0.6650551557540894,0.09859473258256912,0,0,0
"122974","Pedro Lucas Fernandes","UNIAO",418,12,16,247,0.8630917072296143,0.9595959595959596,0.3587454855442047,0.28598588705062866,0,0,0
"123086","Átila Lira","PP",515,25,18,412,0.8651151061058044,0.9556701030927836,0.3462342917919159,0.5007034540176392,0,0,0
"123756","Antônia Lúcia","REPUBLICANOS",450,21,13,268,0.877612292766571,0.9547872340425532,0.3887562155723572,0.9213405847549438,0,0,0
"128760","Paulo Marinho Jr","PL",61,20,10,41,0.6473557353019714,0.7727272727272727,-0.19951362907886505,0.2593167722225189,0,0,0
"129618","Gorete Pereira","MDB",14,2,1,8,0.6782363057136536,0.88,0.33086252212524414,0.7332161664962769,0,0,0
"133439","André Figueiredo","PDT",449,26,38,331,0.8485992550849915,0.9241706161137441,0.649715006351471,-0.13108739256858826,0,0,0
"133810","Marcelo Moraes","PL",337,16,26,360,0.871084988117218,0.9431664411366711,-0.5855409502983093,-0.26102522015571594,0,0,0
"136811","Afonso Hamm","PP",345,90,59,260,0.6747950315475464,0.8023872679045093,-0.08183729648590088,-0.1175721287727356,0,0,0
"137070","Vicentinho Júnior","PSDB",401,40,18,254,0.8029869198799133,0.9186535764375876,0.26896247267723083,0.3562558591365814,0,0,0
"138286","Luciano Alves","PSD",352,52,26,209,0.7306830286979675,0.8779342723004695,0.3043527603149414,0.0597710944712162,0,0,0
"139285","Lídice da Mata","PSB",491,18,20,371,0.8842931389808655,0.9577777777777777,0.8165434002876282,-0.18125344812870026,0,0,0
"141391","Arnaldo Jardim","CIDADANIA",364,67,31,217,0.699249804019928,0.8556701030927835,0.2536439001560211,0.22609122097492218,0,0,0
"141398","Carlos Zarattini","PT",491,10,5,371,0.9285070896148682,0.9828962371721779,0.8897526264190674,-0.0720619484782219,0,0,0
"141408","Cleber Verde","MDB",520,20,25,321,0.8716061115264893,0.9492099322799097,0.3861616253852844,0.6252566576004028,0,0,0
"141411","Dagoberto Nogueira","PP",482,37,30,354,0.8516613841056824,0.9258028792912514,0.6491080522537231,0.16253550350666046,0,0,0
"141421","Eduardo da Fonte","PP",467,29,17,286,0.8461096882820129,0.9424280350438048,0.3489871621131897,0.3741278052330017,0,0,0
"141431","Fernando Coelho Filho","UNIAO",428,17,12,273,0.8817811608314514,0.9602739726027397,0.35064616799354553,0.4900785982608795,0,0,0
"141450","Hugo Leal","PSD",341,68,52,201,0.6607111692428589,0.8187311178247734,0.18495413661003113,0.08191784471273422,0,0,0
"141456","Jilmar Tatto","PT",436,7,17,308,0.9138506650924683,0.96875,0.8477537035942078,0.088011234998703,0,0,0
"141458","João Carlos Bacelar","PL",307,27,24,176,0.7851302623748779,0.9044943820224719,0.5742819905281067,0.04887869209051132,0,0,0
"141459","João Maia","PP",467,31,19,289,0.8083601593971252,0.9379652605459057,0.31979411840438843,0.443222314119339,0,0,0
"141464","José Airton Félix Cirilo","PT",380,2,9,285,0.9178497195243835,0.9837278106508875,0.8568046689033508,0.040534354746341705,0,0,0
"141470","José Guimarães","PT",504,7,12,409,0.9143542051315308,0.9796137339055794,0.832196831703186,0.06450805813074112,0,0,0
"141480","Lázaro Botelho","PP",384,16,7,267,0.9031598567962646,0.9658753709198813,0.3652777671813965,0.6507711410522461,0,0,0
"141485","Luiz Carlos Busato","UNIAO",483,50,27,312,0.7654192447662354,0.911697247706422,0.26456546783447266,0.25631874799728394,0,0,0
"141487","Luiz Fernando Faria","PSD",460,18,26,281,0.8448427319526672,0.9439490445859873,0.40504756569862366,0.41896533966064453,0,0,0
"141488","Paulo Teixeira","PT",16,0,0,17,0.982912540435791,1,0.9964827299118042,-0.08379855751991272,0,0,0
"141516","Paulo Abi-Ackel","PSDB",398,43,30,237,0.7565844058990479,0.8968926553672316,0.2920100688934326,0.1401362419128418,0,0,0
"141518","Paulinho da Força","SOLIDARIEDADE",191,46,30,81,0.6027926206588745,0.7816091954022989,0.2232595682144165,-0.03550177440047264,0,0,0
"141531","Rodrigo de Castro","UNIAO",477,25,23,291,0.8404938578605652,0.9411764705882353,0.34202295541763306,0.32224494218826294,0,0,0
"141533","Rodrigo Rollemberg","PSB",136,7,11,110,0.8438649773597717,0.9318181818181818,0.7115355730056763,-0.3475511074066162,0,0,0
"141555","Vinicius Carvalho","REPUBLICANOS",381,33,25,205,0.7963460683822632,0.9099378881987578,0.2504409849643707,0.9681318998336792,0,0,0
"143084","Tiago Dimas","PODE",160,5,10,79,0.8439040184020996,0.9409448818897638,0.3454601764678955,0.45445188879966736,0,0,0
"143632","Domingos Neto","PSD",311,21,11,190,0.8349798321723938,0.9399624765478424,0.47230806946754456,0.14130951464176178,0,0,0
"143942","Caio Vianna","PSD",310,23,12,203,0.8384988307952881,0.9361313868613139,0.4116719365119934,0.17018058896064758,0,0,0
"150418","Márcio Marinho","REPUBLICANOS",496,16,16,284,0.8825476169586182,0.9605911330049262,0.3174979090690613,0.9482588768005371,0,0,0
"152605","Glauber Braga","PSOL",316,41,25,330,0.8348469138145447,0.9073033707865169,0.6871466040611267,-0.7265187501907349,0,0,0
"153423","Renilce Nicodemos","MDB",358,16,23,243,0.8473313450813293,0.9390625,0.4011501669883728,0.47400084137916565,0,0,0
"154178","Milton Vieira","REPUBLICANOS",46,3,2,22,0.7924151420593262,0.9315068493150684,0.24057237803936005,0.9706312417984009,0,0,0
"156190","Marcel van Hattem","NOVO",385,53,41,442,0.7935337424278259,0.8979370249728555,-0.8436212539672852,-0.5369387865066528,0,0,0
"157130","Túlio Gadêlha","REDE",392,29,31,344,0.8527540564537048,0.9246231155778895,0.7787895798683167,-0.6272853016853333,0,0,0
"160161","Marcelo Queiroz","PSDB",402,35,16,270,0.8332056403160095,0.9294605809128631,0.45841652154922485,0.2163708657026291,0,0,0
"160508","Afonso Florence","PT",18,1,0,30,0.9270126223564148,0.9795918367346939,0.9011979103088379,0.019644413143396378,0,0,0
"160510","Luis Tibé","AVANTE",261,10,14,133,0.8625326156616211,0.9425837320574163,0.4203384816646576,0.44026386737823486,0,0,0
"160512","Aureo Ribeiro","SOLIDARIEDADE",445,27,37,238,0.7681402564048767,0.9143239625167336,0.3470858931541443,0.31929871439933777,0,0,0
"160517","Paulo Folletto","PSB",374,38,30,245,0.761052131652832,0.901018922852984,0.6366396546363831,-0.24886563420295715,0,0,0
"160518","Weliton Prado","SOLIDARIEDADE",367,59,70,225,0.6958428621292114,0.8210818307905686,0.3665514588356018,-0.6334325671195984,0,0,0
"160527","Aguinaldo Ribeiro","PP",358,8,11,198,0.893733024597168,0.9669565217391304,0.37277743220329285,0.5577056407928467,0,0,0
"160535","Marcon","PT",461,24,11,366,0.8584581613540649,0.9593967517401392,0.8105616569519043,-0.19079536199569702,0,0,0
"160538","Bohn Gass","PT",498,8,4,400,0.9441951513290405,0.9868131868131869,0.8970856070518494,-0.05204087868332863,0,0,0
"160541","Arthur Lira","PP",74,1,0,19,0.9302041530609131,0.9893617021276596,0.28240329027175903,0.9057437181472778,0,0,0
"160545","Alexandre Leite","UNIAO",212,32,27,124,0.7043641805648804,0.850632911392405,0.1838369518518448,0.29948893189430237,0,0,0
"160548","Jonas Donizette","PSB",490,37,42,327,0.8209894895553589,0.9118303571428571,0.6292454600334167,-0.12367038428783417,0,0,0
"160552","Danrlei de Deus Hinterholz","PSD",176,47,51,124,0.5998351573944092,0.7537688442211056,-0.009846839122474194,-0.31015416979789734,0,0,0
"160553","Antonio Brito","PSD",227,3,11,112,0.8809255957603455,0.9603399433427762,0.47344210743904114,0.3474510908126831,0,0,0
"160556","Padre João","PT",507,3,4,410,0.9579247832298279,0.9924242424242424,0.9194583892822266,0.007273557595908642,0,0,0
"160558","Paulo Freire Costa","PL",400,20,33,359,0.8455187678337097,0.9347290640394089,-0.3854193091392517,-0.15807074308395386,0,0,0
"160559","Alceu Moreira","MDB",412,95,62,280,0.67788165807724,0.8150765606595995,0.0015876761171966791,0.2378513067960739,0,0,0
"160561","Missionário José Olimpio","PL",132,7,6,126,0.8741778135299683,0.9520295202952029,-0.48250725865364075,0.07536111772060394,0,0,0
"160569","Waldenor Pereira","PT",424,8,5,330,0.9310735464096069,0.9830508474576272,0.9189051985740662,-0.1416163146495819,0,0,0
"160575","Erika Kokay","PT",534,25,16,451,0.9102973341941833,0.9600389863547758,0.9399965405464172,-0.34118399024009705,0,0,0
"160588","Diego Andrade","PSD",343,31,23,182,0.7739711999893188,0.9067357512953368,0.310124009847641,0.3150857090950012,0,0,0
"160591","Vinicius Gurgel","PL",364,45,45,223,0.708010196685791,0.8670605612998523,-0.10778779536485672,0.2370753288269043,0,0,0
"160592","Zeca Dirceu","PT",449,5,8,347,0.9213476777076721,0.9839307787391842,0.8763853907585144,-0.01341007649898529,0,0,0
"160598","Flávia Morais","PDT",392,34,48,255,0.7441223859786987,0.887517146776406,0.5595835447311401,-0.23860526084899902,0,0,0
"160599","Dimas Fabiano","PP",484,38,22,285,0.820148229598999,0.9276236429433052,0.2861635982990265,0.473099946975708,0,0,0
"160600","Arthur Oliveira Maia","UNIAO",343,22,22,229,0.8097712993621826,0.9285714285714286,0.25765931606292725,0.4050419330596924,0,0,0
"160601","Pr. Marco Feliciano","PL",431,20,22,427,0.8690401315689087,0.9533333333333334,-0.49242857098579407,-0.1729375422000885,0,0,0
"160604","Pedro Uczai","PT",467,10,9,358,0.9202209711074829,0.9774881516587678,0.9040817618370056,-0.13544635474681854,0,0,0
"160610","Valmir Assunção","PT",449,5,5,344,0.9346906542778015,0.987546699875467,0.9018229842185974,-0.030253941193223,0,0,0
"160621","Sandro Alex","PSD",28,4,5,13,0.7374553084373474,0.82,0.16379901766777039,-0.24748662114143372,0,0,0
"160629","Romero Rodrigues","PODE",526,18,36,328,0.8444507718086243,0.9405286343612335,0.43554866313934326,0.34070783853530884,0,0,0
"160632","Zé Silva","SOLIDARIEDADE",447,16,23,260,0.8480343818664551,0.9477211796246648,0.4061792194843292,0.35300764441490173,0,0,0
"160635","Ruy Carneiro","PODE",368,39,47,272,0.7777181267738342,0.8815426997245179,0.5403645038604736,-0.1823311746120453,0,0,0
"160640","Eros Biondini","PL",403,20,27,375,0.8566591143608093,0.943030303030303,-0.42754891514778137,-0.16345185041427612,0,0,0
"160641","Professora Marcivania","PCDOB",148,3,10,121,0.8834287524223328,0.9539007092198581,0.7727549076080322,-0.300833135843277,0,0,0
"160642","Pastor Eurico","PL",397,18,28,373,0.8429657816886902,0.9436274509803921,-0.41868865489959717,-0.24166466295719147,0,0,0
"160665","Augusto Coutinho","REPUBLICANOS",509,33,11,326,0.8538222312927246,0.949943117178612,0.3944050669670105,0.5940408706665039,0,0,0
"160666","Félix Mendonça Júnior","PDT",500,38,36,322,0.7987968921661377,0.9174107142857143,0.47639328241348267,0.034190014004707336,0,0,0
"160673","Giovani Cherini","PL",395,24,33,372,0.8476143479347229,0.9308252427184466,-0.47113120555877686,-0.12622490525245667,0,0,0
"160674","Hugo Motta","REPUBLICANOS",192,3,3,110,0.9359780550003052,0.9805194805194806,0.32892894744873047,0.9443547129631042,0,0,0
"160758","Domingos Sávio","PL",416,13,35,340,0.8428860902786255,0.9402985074626866,-0.3311487138271332,-0.00924783106893301,0,0,0
"160976","Tiririca","PSD",418,40,41,267,0.736751139163971,0.8942558746736292,0.40406718850135803,0.020372334867715836,0,0,0
"161440","Pezenti","MDB",436,33,30,420,0.8447178602218628,0.9314472252448314,-0.5638957023620605,-0.12125041335821152,0,0,0
"161550","Emidinho Madeira","PL",334,9,25,258,0.8580487966537476,0.9456869009584664,-0.3431715667247772,-0.16533058881759644,0,0,0
"162067","Kiko Celeguim","PT",470,8,13,353,0.9222302436828613,0.9751184834123223,0.873721182346344,0.05713452026247978,0,0,0
"162332","Luiz Nishimori","PSD",408,48,26,247,0.7706977725028992,0.8984910836762688,0.2695804834365845,0.03421568498015404,0,0,0
"163321","Ronaldo Nogueira","REPUBLICANOS",335,51,29,202,0.7313026189804077,0.8703403565640194,0.2469460517168045,0.2263036072254181,0,0,0
"164360","Carmen Zanotto","CIDADANIA",45,8,10,34,0.6832670569419861,0.8144329896907216,-0.09152916073799133,0.027790404856204987,0,0,0
"165470","Rodrigo Valadares","UNIAO",400,33,34,391,0.8142176270484924,0.921911421911422,-0.47899848222732544,0.06885317713022232,0,0,0
"166402","Magda Mofatto","PL",394,29,43,347,0.795907199382782,0.9114391143911439,-0.4067385792732239,-0.2643566131591797,0,0,0
"171139","Loreny","SOLIDARIEDADE",20,2,2,14,0.7361527681350708,0.8947368421052632,0.4265015423297882,-0.04427969828248024,0,0,0
"171617","Paulão","PT",480,3,4,384,0.9531963467597961,0.9919632606199771,0.905376136302948,-0.015462898649275303,0,0,0
"171623","Fabio Reis","PSD",216,12,12,140,0.8492592573165894,0.9368421052631579,0.3893361985683441,0.11996734887361526,0,0,0
"171786","Miguel Ângelo","PT",424,3,6,331,0.9402984976768494,0.9882198952879581,0.8902513980865479,-0.00782399345189333,0,0,0
"175765","Ribamar Silva","PSD",204,28,21,133,0.7502415180206299,0.8730569948186528,0.33076247572898865,-0.0655495673418045,0,0,0
"178829","Capitão Augusto","PL",412,26,33,379,0.8233786225318909,0.9305882352941176,-0.3649051785469055,-0.2131740152835846,0,0,0
"178831","André Abdon","PP",158,4,4,93,0.8943496346473694,0.9691119691119691,0.34257906675338745,0.668867826461792,0,0,0
"178832","Leandre","PSD",24,0,1,12,0.8874107003211975,0.972972972972973,0.39720776677131653,-0.041840337216854095,0,0,0
"178835","Afonso Motta","PDT",506,41,46,339,0.8013691902160645,0.9066523605150214,0.5231325030326843,0.03782317787408829,0,0,0
"178843","Marx Beltrão","PP",423,48,18,273,0.7867162823677063,0.9133858267716536,0.26976898312568665,0.2725076675415039,0,0,0
"178854","Elmar Nascimento","UNIAO",186,9,6,95,0.837888777256012,0.9493243243243243,0.3067329227924347,0.5145531892776489,0,0,0
"178857","Jorge Solla","PT",436,7,5,346,0.9290194511413574,0.9848866498740554,0.9039216041564941,-0.05347723513841629,0,0,0
"178858","Mário Negromonte Jr.","PP",453,39,18,271,0.8279711604118347,0.9270166453265045,0.492377907037735,0.275025874376297,0,0,0
"178860","Paulo Azi","UNIAO",395,58,32,259,0.7245498895645142,0.8790322580645161,0.22581326961517334,0.07418235391378403,0,0,0
"178866","Luizianne Lins","PT",454,11,8,334,0.9154324531555176,0.976456009913259,0.8718546628952026,-0.1731518656015396,0,0,0
"178871","Evair Vieira de Melo","PP",401,28,22,406,0.854695737361908,0.941656942823804,-0.7248340845108032,-0.2919045388698578,0,0,0
"178873","Helder Salomão","PT",576,9,8,498,0.95036780834198,0.9844179651695693,0.9395238161087036,-0.11340092867612839,0,0,0
"178876","Célio Silveira","MDB",377,37,39,214,0.758521556854248,0.8860569715142429,0.21833230555057526,0.13697409629821777,0,0,0
"178881","Aluisio Mendes","REPUBLICANOS",450,31,31,325,0.8078588843345642,0.9259259259259259,0.23927897214889526,0.7897946238517761,0,0,0
"178882","André Fufuca","PP",59,5,0,21,0.8674193620681763,0.9411764705882353,0.35014110803604126,0.7016927599906921,0,0,0
"178884","Hildo Rocha","MDB",270,42,23,174,0.6906754374504089,0.8722986247544204,0.42930716276168823,0.16025710105895996,0,0,0
"178886","Juscelino Filho","PSDB",204,10,6,116,0.8529600501060486,0.9523809523809523,0.4502626955509186,0.3744012713432312,0,0,0
"178887","Rubens Pereira Júnior","PT",564,5,9,460,0.9494059085845947,0.9865125240847784,0.900443971157074,0.033743176609277725,0,0,0
"178895","Misael Varella","PSD",415,48,30,256,0.7763869166374207,0.8958611481975968,0.33045104146003723,0.03870420157909393,0,0,0
"178896","Newton Cardoso Jr","MDB",271,30,25,138,0.7070900201797485,0.8814655172413793,0.24545976519584656,0.2753334641456604,0,0,0
"178905","Fabio Garcia","UNIAO",60,10,9,35,0.721051812171936,0.8333333333333334,-0.18135851621627808,0.05897125229239464,0,0,0
"178908","Delegado Éder Mauro","PL",363,13,16,349,0.8893299698829651,0.9608636977058029,-0.4879443645477295,-0.089146688580513,0,0,0
"178909","Hélio Leite","UNIAO",136,13,11,83,0.7678582668304443,0.9012345679012346,0.2896042764186859,0.056933093816041946,0,0,0
"178910","Joaquim Passarinho","PL",429,30,53,364,0.7710593342781067,0.9052511415525114,-0.2945956289768219,-0.19262538850307465,0,0,0
"178927","Aliel Machado","PV",288,23,19,200,0.8283234238624573,0.9207547169811321,0.7278454899787903,-0.310240775346756,0,0,0
"178929","Diego Garcia","UNIAO",423,90,56,327,0.6919453144073486,0.8370535714285714,0.05454664304852486,0.760259747505188,0,0,0
"178931","Luciano Ducci","PSB",460,30,29,308,0.8356951475143433,0.9286577992744861,0.629837691783905,-0.12151162326335907,0,0,0
"178933","Sergio Souza","MDB",429,45,29,259,0.79856276512146,0.9028871391076115,0.179070383310318,0.4761768877506256,0,0,0
"178934","Toninho Wandscheer","PP",516,28,25,360,0.8512736558914185,0.9429494079655544,0.35450226068496704,0.5215401649475098,0,0,0
"178937","Altineu Côrtes","PL",168,8,14,128,0.8043104410171509,0.9308176100628931,-0.3078252077102661,0.016438882797956467,0,0,0
"178943","Marcos Soares","PSDB",210,67,54,157,0.5875417590141296,0.7520491803278688,0.11669144779443741,-0.1989702433347702,0,0,0
"178945","Rosangela Gomes","REPUBLICANOS",46,1,2,27,0.8939347863197327,0.9605263157894737,0.3058437407016754,0.903702974319458,0,0,0
"178946","Soraya Santos","PL",365,26,41,321,0.7883720993995667,0.9110225763612217,-0.2616846263408661,-0.12117313593626022,0,0,0
"178947","Sóstenes Cavalcante","PL",216,13,19,186,0.8233143091201782,0.9262672811059908,-0.4146692156791687,0.03826012462377548,0,0,0
"178954","Lucio Mosquini","MDB",284,81,43,193,0.6653963327407837,0.7936772046589018,-0.006033630110323429,0.1882021278142929,0,0,0
"178962","Carlos Gomes","REPUBLICANOS",137,9,4,81,0.8361929655075073,0.9437229437229437,0.2928425967693329,0.9561606049537659,0,0,0
"178963","Covatti Filho","PP",361,41,50,319,0.7600688934326172,0.8819714656290532,-0.295148104429245,0.04027782753109932,0,0,0
"178964","Heitor Schuch","PSD",306,33,24,208,0.7809380292892456,0.9001751313485113,0.5808411240577698,-0.23666617274284363,0,0,0
"178966","Geovania de Sá","PSDB",324,51,40,287,0.743618905544281,0.8703703703703703,-0.2847367525100708,-0.022134169936180115,0,0,0
"178970","João Daniel","PT",433,8,12,334,0.8922943472862244,0.974587039390089,0.8588768839836121,-0.05610792711377144,0,0,0
"178972","Alex Manente","CIDADANIA",263,34,23,107,0.7105579972267151,0.8665105386416861,0.20514072477817535,0.08840888738632202,0,0,0
"178975","Baleia Rossi","MDB",333,17,13,212,0.8577012419700623,0.9478260869565217,0.35144463181495667,0.38460496068000793,0,0,0
"178983","Marcio Alvino","PL",373,27,30,400,0.8348595499992371,0.9313253012048193,-0.6117495894432068,-0.18388321995735168,0,0,0
"178985","Miguel Lombardi","PL",420,17,31,354,0.8395988941192627,0.9416058394160584,-0.38097521662712097,-0.17446741461753845,0,0,0
"178986","Nilto Tatto","PT",507,11,7,418,0.9288073778152466,0.9809119830328739,0.9134156107902527,-0.1393515169620514,0,0,0
"178987","Orlando Silva","PCDOB",466,20,12,355,0.894264280796051,0.9624853458382181,0.8948279023170471,-0.26916590332984924,0,0,0
"178989","Renata Abreu","PODE",369,25,35,212,0.7667645215988159,0.906396255850234,0.391672819852829,0.08768167346715927,0,0,0
"178992","Vitor Lippi","PSD",421,70,45,257,0.7119209170341492,0.8549810844892812,0.285606324672699,-0.14872203767299652,0,0,0
"178993","Carlos Henrique Gaguim","UNIAO",500,39,42,296,0.7680986523628235,0.9076396807297605,0.26483866572380066,0.22520588338375092,0,0,0
"178997","Moses Rodrigues","UNIAO",477,13,13,274,0.8892875909805298,0.9665379665379665,0.3450624942779541,0.5326610207557678,0,0,0
"179000","Marcelo Álvaro Antônio","PL",344,22,39,295,0.7836634516716003,0.9128571428571428,-0.3524586856365204,-0.13041354715824127,0,0,0
"179001","Márcio Biolchi","MDB",400,43,30,239,0.7755764126777649,0.8974719101123596,0.26487773656845093,0.46744921803474426,0,0,0
"180214","Pastor Diniz","UNIAO",375,47,47,358,0.763384222984314,0.8863361547762999,-0.34417635202407837,-0.05697920545935631,0,0,0
"182146","Wolmer Araújo","SOLIDARIEDADE",34,0,2,21,0.8534789085388184,0.9649122807017544,0.4979187548160553,0.5001850128173828,0,0,0
"188097","Merlong Solano","PT",541,4,13,436,0.9360456466674805,0.9828973843058351,0.8791257739067078,0.03882690891623497,0,0,0
"191923","Flávio Nogueira","PT",566,7,16,469,0.9222913384437561,0.9782608695652174,0.8583152294158936,0.07896245270967484,0,0,0
"198197","Greyce Elias","AVANTE",327,85,50,191,0.668375551700592,0.7932618683001531,-0.040858276188373566,0.24262842535972595,0,0,0
"198783","Emanuel Pinheiro Neto","PSD",392,40,15,262,0.815742552280426,0.922425952045134,0.506896436214447,0.14689090847969055,0,0,0
"204351","Dr. Luiz Ovando","PP",388,124,74,303,0.6487602591514587,0.7772778402699663,-0.03609864041209221,0.09673228859901428,0,0,0
"204353","Aline Gurgel","UNIAO",61,0,1,37,0.9236012101173401,0.98989898989899,0.32820025086402893,0.816613495349884,0,0,0
"204355","Da Vitoria","PP",473,72,34,327,0.784726619720459,0.8830022075055187,0.19237251579761505,0.3972920775413513,0,0,0
"204356","Amaro Neto","PP",553,26,18,348,0.867005467414856,0.9534391534391534,0.300836443901062,0.8421046733856201,0,0,0
"204358","Beto Pereira","PSDB",389,59,50,227,0.7013306021690369,0.8496551724137931,0.16846974194049835,-0.04207003861665726,0,0,0
"204360","Silvia Cristina","PP",367,85,70,304,0.6749691963195801,0.8123486682808717,-0.10387571156024933,-0.19706344604492188,0,0,0
"204361","Carlos Chiodini","MDB",209,24,20,95,0.7329295873641968,0.8735632183908046,0.16010108590126038,0.26888492703437805,0,0,0
"204362","Ricardo Guidi","PL",276,24,21,264,0.8064570426940918,0.9230769230769231,-0.4039466977119446,-0.13979114592075348,0,0,0
"204364","Eli Borges","REPUBLICANOS",365,30,64,294,0.7068101167678833,0.8751660026560425,-0.23760057985782623,-0.32505667209625244,0,0,0
"204365","Gilson Marques","NOVO",422,55,43,464,0.7989031672477722,0.9004065040650406,-0.8549102544784546,-0.51877593994140625,0,0,0
"204367","Daniel Freitas","PL",363,24,28,400,0.8496053814888,0.9361963190184049,-0.7446941137313843,-0.3388838469982147,0,0,0
"204368","Fabio Schiochet","UNIAO",401,110,76,304,0.6647450923919678,0.7912457912457912,-0.11533129960298538,0.28171953558921814,0,0,0
"204369","Caroline de Toni","PL",414,31,23,469,0.8458318114280701,0.9423692636072573,-0.7587329149246216,-0.4421187937259674,0,0,0
"204372","Julio Cesar Ribeiro","REPUBLICANOS",384,21,11,266,0.8551207780838013,0.9530791788856305,0.2977930009365082,0.9546304941177368,0,0,0
"204374","Bia Kicis","PL",430,19,38,455,0.8650051951408386,0.9394904458598726,-0.61426842212677,-0.32463937997817993,0,0,0
"204376","Coronel Armando","PP",65,12,7,68,0.7558901906013489,0.875,-0.16854256391525269,-0.04855678603053093,0,0,0
"204378","Coronel Chrisóstomo","PL",398,11,31,376,0.8694415092468262,0.9485294117647058,-0.4968213737010956,-0.26496121287345886,0,0,0
"204379","Acácio Favacho","MDB",432,33,29,256,0.7833928465843201,0.9173333333333333,0.32746222615242004,0.4017181694507599,0,0,0
"204387","Sargento Fahur","PL",467,22,14,500,0.8943275213241577,0.9641076769690927,-0.7943446040153503,-0.5936753749847412,0,0,0
"204388","Bibo Nunes","PL",428,26,28,401,0.8553725481033325,0.9388448471121178,-0.4438859820365906,-0.09194082766771317,0,0,0
"204390","Professor Alcides","PL",359,30,44,327,0.7826354503631592,0.9026315789473685,-0.3206169009208679,-0.2415827363729477,0,0,0
"204391","José Nelto","UNIAO",335,24,27,224,0.7832169532775879,0.9163934426229509,0.36138370633125305,0.08056993037462234,0,0,0
"204394","Gervásio Maia","PCDOB",518,21,37,430,0.8623486757278442,0.9423459244532804,0.7332932949066162,-0.05657093599438667,0,0,0
"204395","Pedro Lupion","REPUBLICANOS",308,48,47,240,0.735130786895752,0.8522550544323484,-0.15188370645046234,0.14376629889011383,0,0,0
"204396","Vermelho","PP",283,63,61,155,0.6492445468902588,0.7793594306049823,-0.06993397325277328,0.026057278737425804,0,0,0
"204398","Felipe Francischini","PODE",451,79,71,353,0.719165027141571,0.8427672955974843,-0.16546976566314697,0.30492812395095825,0,0,0
"204404","Lucas Redecker","PSD",452,104,91,440,0.6816970109939575,0.8206071757129715,-0.17041775584220886,-0.5273246765136719,0,0,0
"204406","Pedro Westphalen","PP",378,84,71,289,0.6899980306625366,0.8114355231143552,-0.12967629730701447,-0.07134392857551575,0,0,0
"204407","Fernanda Melchionna","PSOL",395,43,26,369,0.8533579111099243,0.9171668667466987,0.7238219380378723,-0.6899868249893188,0,0,0
"204408","Gustinho Ribeiro","REPUBLICANOS",517,11,7,317,0.9119359254837036,0.9788732394366197,0.3576318919658661,0.9332615733146667,0,0,0
"204409","Daniel Trzeciak","PSDB",355,87,107,281,0.6213024854660034,0.7662650602409639,-0.05413633957505226,-0.582686185836792,0,0,0
"204410","Luisa Canziani","PSD",295,55,24,192,0.7290437817573547,0.8604240282685512,0.07515279948711395,0.036436233669519424,0,0,0
"204411","Filipe Barros","PL",262,18,17,270,0.8345187902450562,0.9382716049382716,-0.5619890689849854,-0.18082548677921295,0,0,0
"204412","Dr. Zacharias Calil","UNIAO",395,83,73,312,0.6844931244850159,0.8192352259559675,-0.09812525659799576,-0.08925887942314148,0,0,0
"204416","Sanderson","PL",396,18,34,404,0.870133101940155,0.9389671361502347,-0.6621639728546143,-0.42134031653404236,0,0,0
"204419","Glaustin da Fokus","PODE",296,58,44,177,0.6548991799354553,0.8226086956521739,0.21128830313682556,0.050489407032728195,0,0,0
"204422","Ossesio Silva","REPUBLICANOS",445,11,11,287,0.9152860045433044,0.9708222811671088,0.36533352732658386,0.9308766722679138,0,0,0
"204423","André Ferreira","PL",299,17,35,237,0.7918698191642761,0.9115646258503401,-0.29112499952316284,0.025476137176156044,0,0,0
"204425","Silvio Costa Filho","REPUBLICANOS",82,6,6,27,0.8041669130325317,0.9008264462809917,0.4888079762458801,0.3442697823047638,0,0,0
"204426","Carlos Veras","PT",523,4,7,423,0.9419810175895691,0.9885057471264368,0.9124460816383362,-0.0026939655654132366,0,0,0
"204427","Fernando Rodolfo","PRD",359,41,52,267,0.7350695729255676,0.8706536856745479,-0.16579857468605042,-0.2187466323375702,0,0,0
"204431","Marcos Aurélio Sampaio","PSD",472,20,12,305,0.8739696145057678,0.9604449938195303,0.41257086396217346,0.381675660610199,0,0,0
"204436","Isnaldo Bulhões Jr.","MDB",192,7,9,92,0.8776289224624634,0.9466666666666667,0.4807712137699127,0.48712193965911865,0,0,0
"204441","Otoni de Paula","PSD",311,85,61,174,0.6155350208282471,0.768621236133122,0.07937338203191757,0.009493730962276459,0,0,0
"204444","Helio Lopes","PL",341,12,23,314,0.8750197887420654,0.9492753623188406,-0.46279850602149963,-0.29700905084609985,0,0,0
"204445","Fernando Mineiro","PT",454,5,4,372,0.9499744176864624,0.9892215568862276,0.905864953994751,-0.08170833438634872,0,0,0
"204448","Luiz Antônio Corrêa","PP",175,13,4,76,0.8698846697807312,0.9365671641791045,0.29183530807495117,0.7010690569877625,0,0,0
"204449","Nelson Barbudo","PL",164,5,5,124,0.8915490508079529,0.9664429530201343,-0.37323129177093506,-0.12129168957471848,0,0,0
"204450","Doutor Luizinho","PP",169,2,5,81,0.8825069069862366,0.9727626459143969,0.3194107115268707,0.6021029949188232,0,0,0
"204453","Natália Bonavides","PT",406,19,17,359,0.8905611038208008,0.9550561797752809,0.93199920654296875,-0.35785776376724243,0,0,0
"204455","Luiz Lima","NOVO",380,57,38,427,0.805046558380127,0.8946784922394678,-0.6420164704322815,-0.327161580324173,0,0,0
"204456","Gutemberg Reis","MDB",513,28,71,286,0.7260130047798157,0.8897550111358574,0.34572410583496094,0.42969295382499695,0,0,0
"204457","Juninho do Pneu","UNIAO",514,23,18,317,0.8676122426986694,0.9529816513761468,0.33306926488876343,0.45106372237205505,0,0,0
"204459","Daniela do Waguinho","REPUBLICANOS",393,21,26,312,0.8611094951629639,0.9375,0.6716382503509521,0.013899975456297398,0,0,0
"204460","Carlos Jordy","PL",416,22,17,445,0.8854784965515137,0.9566666666666667,-0.7085922360420227,-0.22286395728588104,0,0,0
"204462","Chris Tonietto","PL",423,12,17,453,0.9093083739280701,0.9679558011049724,-0.655805230140686,-0.4502263069152832,0,0,0
"204464","Talíria Petrone","PSOL",313,29,17,291,0.8330876231193542,0.9292307692307692,0.723797619342804,-0.6900123357772827,0,0,0
"204472","José Medeiros","PL",381,27,38,370,0.8156898617744446,0.9203431372549019,-0.4477766752243042,-0.22583341598510742,0,0,0
"204473","General Girão","PL",383,36,50,354,0.767126202583313,0.8955042527339003,-0.428005188703537,-0.4308803379535675,0,0,0
"204474","Juarez Costa","REPUBLICANOS",351,43,23,305,0.7774131894111633,0.9085872576177285,0.30821430683135986,0.4013111889362335,0,0,0
"204476","Chiquinho Brazão","UNIAO",98,15,10,45,0.702433168888092,0.8511904761904762,0.19322890043258667,0.3648598790168762,0,0,0
"204479","Nicoletti","PL",415,28,36,422,0.8484347462654114,0.9289678135405105,-0.5756733417510986,-0.1788426637649536,0,0,0
"204480","Rogério Correia","PT",499,1,5,377,0.9508844614028931,0.9931972789115646,0.9051162004470825,-0.061570484191179276,0,0,0
"204481","Dr. Jaziel","PL",388,27,34,393,0.8426787853240967,0.9275534441805225,-0.47359153628349304,-0.26978081464767456,0,0,0
"204482","Euclydes Pettersen","REPUBLICANOS",268,17,15,150,0.8005831241607666,0.9288888888888889,0.3004388213157654,0.2995019853115082,0,0,0
"204485","Luiz Carlos Motta","PL",394,40,72,299,0.7163856029510498,0.8608695652173913,-0.1792803853750229,0.05098634213209152,0,0,0
"204486","Mauro Benevides Filho","PDT",485,31,42,341,0.8323798179626465,0.9187986651835373,0.6443367600440979,-0.07465043663978577,0,0,0
"204488","Célio Studart","PSD",301,52,43,236,0.698983907699585,0.8496835443037974,0.5462717413902283,-0.49558013677597046,0,0,0
"204489","Robério Monteiro","PDT",341,15,17,252,0.8494597673416138,0.9488,0.6143127083778381,0.0467972531914711,0,0,0
"204491","Gilberto Abramo","REPUBLICANOS",445,17,14,267,0.8876089453697205,0.9582772543741588,0.31429049372673035,0.9493268728256226,0,0,0
"204492","Paulo Guedes","PT",498,3,11,389,0.9434831142425537,0.9844617092119867,0.8667481541633606,0.15678861737251282,0,0,0
"204494","Fred Costa","PRD",248,10,4,116,0.8654983639717102,0.9629629629629629,0.4060969054698944,0.3207666277885437,0,0,0
"204495","Airton Faleiro","PT",456,3,7,376,0.9494220614433289,0.9881235154394299,0.9159776568412781,0.014249004423618317,0,0,0
"204496","Celso Sabino","PDT",87,6,9,42,0.7929773926734924,0.8958333333333334,0.49249523878097534,0.018348494544625282,0,0,0
"204497","Júnior Ferrari","PSD",432,65,30,297,0.7554678916931152,0.8847087378640777,0.265698105096817,0.07347173988819122,0,0,0
"204498","Olival Marques","MDB",432,73,52,288,0.7228060960769653,0.8520710059171598,0.20494264364242554,0.6642208695411682,0,0,0
"204501","Alencar Santana","PT",533,8,18,441,0.9020676016807556,0.974,0.8675086498260498,-0.05681532621383667,0,0,0
"204504","Cezinha de Madureira","PL",486,39,24,318,0.8045991659164429,0.9273356401384083,0.3002152144908905,0.5998452305793762,0,0,0
"204506","Marcos Pereira","REPUBLICANOS",342,16,14,192,0.8487280011177063,0.9468085106382979,0.3076113760471344,0.9515120983123779,0,0,0
"204507","Carla Zambelli","PL",200,9,12,232,0.8808660507202148,0.9536423841059603,-0.7073683738708496,-0.45078104734420776,0,0,0
"204508","Igor Timo","PSD",494,21,23,286,0.8510922789573669,0.9466019417475728,0.41102567315101624,0.33921539783477783,0,0,0
"204511","David Soares","UNIAO",236,95,62,155,0.5831305980682373,0.7135036496350365,-0.022566858679056168,-0.09852801263332367,0,0,0
"204512","Delegado Marcelo Freitas","UNIAO",524,68,51,432,0.7703161239624023,0.8893023255813953,0.17914773523807526,0.37627431750297546,0,0,0
"204514","Coronel Tadeu","PL",31,1,0,25,0.8861196041107178,0.9824561403508771,-0.8841186165809631,-0.31168726086616516,0,0,0
"204515","André Janones","REDE",432,10,11,349,0.9031316041946411,0.9738154613466334,0.8153630495071411,0.026716748252511024,0,0,0
"204517","Zé Vitor","PL",206,18,26,128,0.7525783777236938,0.8835978835978836,-0.18634334206581116,-0.1294957995414734,0,0,0
"204518","Dr. Frederico","PRD",366,13,25,319,0.8470114469528198,0.9474412171507607,-0.5129199624061584,-0.1855149120092392,0,0,0
"204520","Junio Amaral","PL",339,16,24,362,0.884912371635437,0.9460188933873145,-0.8160708546638489,-0.5358235239982605,0,0,0
"204522","Marco Bertaiolli","PSD",68,6,6,23,0.7312533259391785,0.883495145631068,0.26314279437065125,0.5959962010383606,0,0,0
"204524","Pinheirinho","PP",229,26,8,112,0.8323179483413696,0.9093333333333333,0.18066167831420898,0.5036280155181885,0,0,0
"204525","Rosana Valle","PL",386,32,61,340,0.7428808808326721,0.8864468864468864,-0.2318292260169983,-0.4703073799610138,0,0,0
"204526","Luiz Philippe de Orleans e Bragança","PL",360,23,18,433,0.871066153049469,0.9508393285371702,-0.9237356185913086,-0.3830307126045227,0,0,0
"204528","Adriana Ventura","NOVO",338,64,39,397,0.7516835331916809,0.8770883054892601,-0.7869141697883606,-0.617062509059906,0,0,0
"204531","Guilherme Derrite","PP",47,8,4,40,0.7584404349327087,0.8787878787878788,-0.5294627547264099,0.05370364710688591,0,0,0
"204533","Idilvan Alencar","PSB",269,16,31,196,0.8249593377113342,0.908203125,0.7290903329849243,-0.47875455021858215,0,0,0
"204534","Tabata Amaral","PSB",404,66,80,380,0.7068396210670471,0.843010752688172,0.602374255657196,-0.7554515600204468,0,0,0
"204535","Sâmia Bomfim","PSOL",392,36,28,393,0.8495193719863892,0.9246171967020024,0.7222235202789307,-0.6916597485542297,0,0,0
"204536","Kim Kataguiri","MISSAO",369,81,56,407,0.6330416798591614,0.8499452354874042,-0.47554847598075867,-0.8796895146369934,0,0,0
"204539","Hercílio Coelho Diniz","MDB",395,29,25,235,0.7861306667327881,0.9210526315789473,0.2718120813369751,0.2762005627155304,0,0,0
"204540","Maria Rosas","REPUBLICANOS",501,44,32,313,0.788098931312561,0.9146067415730337,0.22935259342193604,0.7913349866867065,0,0,0
"204541","Eduardo Bismarck","PV",244,24,20,192,0.8266421556472778,0.9083333333333333,0.6214879751205444,0.12295550107955933,0,0,0
"204549","AJ Albuquerque","PP",416,15,11,259,0.8923950791358948,0.9629101283880172,0.38323497772216797,0.6342594027519226,0,0,0
"204550","Júnior Mano","PSB",225,24,36,106,0.6974613070487976,0.8465473145780051,0.4619620740413666,-0.019565409049391747,0,0,0
"204553","Pastor Sargento Isidório","AVANTE",484,44,34,357,0.7867985963821411,0.9151251360174102,0.6162128448486328,-0.07781697064638138,0,0,0
"204557","Sidney Leite","PSD",372,81,80,286,0.6238501071929932,0.8034188034188035,0.3915228843688965,-0.27469998598098755,0,0,0
"204558","Marcelo Nilo","REPUBLICANOS",22,0,0,9,0.9048047661781311,1,0.27840954065322876,0.48005959391593933,0,0,0
"204559","Zé Neto","PT",405,4,5,295,0.9229655265808105,0.9873060648801129,0.8698059916496277,-0.03128836303949356,0,0,0
"204560","Adolfo Viana","PSDB",355,21,17,185,0.8134824633598328,0.9342560553633218,0.31752249598503113,0.3327063024044037,0,0,0
"204563","Josimar Maranhãozinho","PL",236,24,49,165,0.7077449560165405,0.8459915611814346,-0.09202475100755692,0.0650748685002327,0,0,0
"204566","Marreca Filho","PRD",300,25,29,193,0.8042453527450562,0.9012797074954296,0.5107767581939697,0.15877996385097504,0,0,0
"204567","Raimundo Costa","PODE",412,24,37,217,0.7887789607048035,0.9115942028985508,0.45021629333496094,0.26158368587493896,0,0,0
"204570","Pastor Gil","PL",331,18,45,239,0.7756345868110657,0.9004739336492891,-0.2319725900888443,0.10391548275947571,0,0,0
"204571","Alex Santana","REPUBLICANOS",359,24,30,178,0.7651578783988953,0.9086294416243654,0.2662397027015686,0.5015565156936646,0,0,0
"204572","Capitão Alberto Neto","PL",419,26,44,384,0.8204575181007385,0.9198167239404352,-0.35248348116874695,-0.19798265397548676,0,0,0
"204573","Otto Alencar Filho","PSD",399,30,19,267,0.811730146408081,0.9314685314685315,0.3883184790611267,0.15068329870700836,0,0,0
"204574","Junior Lourenço","PL",306,17,16,192,0.8287516236305237,0.9378531073446328,0.3823871910572052,0.49408674240112305,0,0,0
"205476","Charles Fernandes","PSD",448,36,29,301,0.8030890822410583,0.9201474201474201,0.44713345170021057,0.11992088705301285,0,0,0
"205550","Jorge Braz","REPUBLICANOS",541,24,15,340,0.8806427121162415,0.9576086956521739,0.29962918162345886,0.9540557861328125,0,0,0
"205865","Reinhold Stephanes","PSD",328,74,64,261,0.6849852204322815,0.8101788170563962,-0.1816519945859909,0.3244253098964691,0,0,0
"206018","Célia Xakriabá","PSOL",392,29,15,344,0.8726575374603271,0.9435897435897436,0.7450926899909973,-0.6669609546661377,0,0,0
"208297","Katia Dias","REPUBLICANOS",51,5,5,45,0.7786729335784912,0.9056603773584906,0.29998406767845154,0.33813753724098206,0,0,0
"209189","Joseildo Ramos","PT",448,9,8,351,0.9034925699234009,0.9791666666666666,0.8784761428833008,-0.06782461702823639,0,0,0
"209787","Nikolas Ferreira","PL",420,18,18,461,0.8878949284553528,0.960741548527808,-0.6931293606758118,-0.44162717461586,0,0,0
"210989","Bruno Farias","REPUBLICANOS",458,22,24,267,0.8465205430984497,0.940337224383917,0.3311794400215149,0.37504711747169495,0,0,0
"212625","Dr. Gonçalo","PODE",30,0,4,23,0.835395336151123,0.9298245614035088,0.4980260729789734,0.30258798599243164,0,0,0
"213274","Ricardo Silva","PSD",146,15,10,96,0.7645517587661743,0.9063670411985019,0.23221427202224731,0.0381215400993824,0,0,0
"213762","Carla Dickson","UNIAO",208,30,49,158,0.6771829128265381,0.8224719101123595,-0.08585567027330399,-0.14141589403152466,0,0,0
"214694","Jorge Goetten","REPUBLICANOS",409,81,89,244,0.64649200439453125,0.7934386391251519,0.06753778457641602,0.1102113127708435,0,0,0
"215043","Josivaldo JP","PSD",418,58,29,247,0.7582682967185974,0.8843085106382979,0.19788791239261627,0.12079229205846786,0,0,0
"217480","Jones Moura","PSD",77,3,3,52,0.8947929739952087,0.9555555555555556,0.391391396522522,0.48560282588005066,0,0,0
"218086","Ely Santos","REPUBLICANOS",493,13,14,306,0.8993654847145081,0.9673123486682809,0.3520979881286621,0.9359630942344666,0,0,0
"219585","Marco Brasil","PP",254,32,9,166,0.809462308883667,0.911062906724512,0.25989824533462524,0.4069335162639618,0,0,0
"220008","Eliza Virgínia","PP",26,2,3,36,0.8419222235679626,0.9253731343283582,-0.225998193025589,0.28098008036613464,0,0,0
"220526","Gilvan da Federal","PL",331,16,15,359,0.8851210474967957,0.957004160887656,-0.6531746983528137,-0.5140799283981323,0,0,0
"220527","Jack Rocha","PT",518,6,4,409,0.9494466185569763,0.9893276414087513,0.907694399356842,-0.03083542175590992,0,0,0
"220528","Dr. Victor Linhalis","PODE",443,36,34,310,0.7894418239593506,0.9149453219927096,0.4058523178100586,0.28804782032966614,0,0,0
"220529","Gilson Daniel","PODE",540,54,47,365,0.764824628829956,0.8996023856858847,0.5164197087287903,-0.002067199209704995,0,0,0
"220530","Messias Donato","REPUBLICANOS",440,40,43,408,0.7740613222122192,0.9108485499462943,-0.42664581537246704,-0.21439242362976074,0,0,0
"220531","Gilvan Maximo","REPUBLICANOS",323,15,7,218,0.8641759157180786,0.9609236234458259,0.33146119117736816,0.9434689283370972,0,0,0
"220532","Rafael Prudente","MDB",433,40,32,221,0.7772260308265686,0.9008264462809917,0.23946434259414673,0.5709568858146667,0,0,0
"220533","Prof. Reginaldo Veras","PV",469,27,25,374,0.8446820974349976,0.9418994413407821,0.813091516494751,-0.3498292863368988,0,0,0
"220534","Fred Linhares","REPUBLICANOS",507,29,15,318,0.8356936573982239,0.9493670886075949,0.27691805362701416,0.9019331336021423,0,0,0
"220536","Zé Haroldo Cathedral","PSD",503,55,47,360,0.7649408578872681,0.894300518134715,0.37499523162841797,0.032581083476543427,0,0,0
"220537","Helena Lima","MDB",352,20,26,198,0.805557906627655,0.9228187919463087,0.4382578432559967,0.17530691623687744,0,0,0
"220538","Albuquerque","REPUBLICANOS",497,11,15,306,0.8945937156677246,0.9686369119420989,0.32895952463150024,0.9409665465354919,0,0,0
"220539","Defensor Stélio Dener","UNIAO",569,31,33,362,0.8500696420669556,0.935678391959799,0.4023068845272064,0.8934835195541382,0,0,0
"220540","Duda Ramos","MDB",371,42,34,197,0.7370206713676453,0.8819875776397516,0.31872498989105225,0.19168022274971008,0,0,0
"220542","Alexandre Guimarães","MDB",415,52,50,223,0.7440803050994873,0.8621621621621621,0.17173215746879578,0.4325358271598816,0,0,0
"220543","Ricardo Ayres","REPUBLICANOS",601,35,24,470,0.8453308343887329,0.947787610619469,0.33525508642196655,0.561591625213623,0,0,0
"220544","Antonio Andrade","REPUBLICANOS",549,28,11,346,0.8671891093254089,0.9582441113490364,0.29721304774284363,0.7608994841575623,0,0,0
"220545","Filipe Martins","PL",421,13,33,382,0.8651994466781616,0.9458186101295641,-0.4826406240463257,-0.10037121176719666,0,0,0
"220546","Rodolfo Nogueira","PL",441,14,18,459,0.8979454040527344,0.9656652360515021,-0.7047461867332458,-0.4249776303768158,0,0,0
"220547","Marcos Pollon","PL",482,13,21,515,0.9068561792373657,0.9670223084384093,-0.719649076461792,-0.44986993074417114,0,0,0
"220548","Camila Jara","PT",470,13,16,345,0.8958466053009033,0.9656398104265402,0.8818425536155701,-0.2113826721906662,0,0,0
"220549","Any Ortiz","CIDADANIA",391,63,76,334,0.7023240327835083,0.8391203703703703,-0.31930333375930786,-0.2256447821855545,0,0,0
"220550","Mauricio Marcon","PL",468,30,30,518,0.88591468334198,0.9426386233269598,-0.6469062566757202,-0.29223206639289856,0,0,0
"220551","Franciane Bayer","REPUBLICANOS",408,117,88,292,0.654783308506012,0.7734806629834254,0.03707069531083107,0.1588256061077118,0,0,0
"220552","Zucco","PL",509,28,27,490,0.8496515154838562,0.9478178368121443,-0.5491068363189697,-0.2993953227996826,0,0,0
"220553","Denise Pessôa","PT",477,16,10,384,0.9089685678482056,0.9706877113866967,0.8801620006561279,-0.16729819774627686,0,0,0
"220554","Alexandre Lindenmeyer","PT",433,15,6,331,0.9166626930236816,0.9732484076433121,0.901559591293335,-0.15341995656490326,0,0,0
"220555","Daiana Santos","PCDOB",441,16,17,354,0.893347978591919,0.9601449275362319,0.8765928149223328,-0.268949419260025,0,0,0
"220556","Ana Paula Lima","PT",496,5,5,377,0.9405524730682373,0.9886749716874292,0.8846108317375183,-0.0337202362716198,0,0,0
"220557","Daniela Reinehr","PL",368,22,25,380,0.8503167033195496,0.9408805031446541,-0.6078921556472778,-0.30966201424598694,0,0,0
"220558","Zé Trovão","PL",382,21,22,426,0.8763967156410217,0.9494712103407755,-0.6827037930488586,-0.482146680355072,0,0,0
"220559","Julia Zanatta","PL",408,8,11,472,0.9249352812767029,0.978865406006674,-0.8858582973480225,-0.3619469702243805,0,0,0
"220560","Thiago de Joaldo","PP",387,72,28,258,0.7157159447669983,0.8657718120805369,0.20102465152740479,0.19021697342395782,0,0,0
"220561","Delegada Katarina","PSD",521,36,32,354,0.8120201230049133,0.9278897136797455,0.40506473183631897,0.13509893417358398,0,0,0
"220563","Icaro de Valmir","PL",406,69,74,226,0.7020994424819946,0.8154838709677419,0.07934979349374771,0.39829641580581665,0,0,0
"220564","Yandra Moura","UNIAO",322,24,16,239,0.8155566453933716,0.9334442595673876,0.29256299138069153,0.22036784887313843,0,0,0
"220565","Delegada Adriana Accorsi","PT",414,2,4,309,0.952164888381958,0.9917695473251029,0.8708636164665222,-0.020840510725975037,0,0,0
"220566","Lêda Borges","PSDB",392,41,31,227,0.7420657873153687,0.8958031837916064,0.2925969660282135,0.0844305232167244,0,0,0
"220567","Jeferson Rodrigues","REPUBLICANOS",428,15,9,265,0.8928939700126648,0.9665271966527197,0.3306749165058136,0.9437447190284729,0,0,0
"220568","Gustavo Gayer","PL",373,19,17,427,0.9041799306869507,0.9569377990430622,-0.7752256989479065,-0.35885724425315857,0,0,0
"220569","Silvye Alves","UNIAO",339,100,63,255,0.6474677920341492,0.7846763540290621,0.028766702860593796,-0.20022815465927124,0,0,0
"220570","Dr. Ismael Alexandrino","PSD",372,73,45,234,0.6828939318656921,0.8370165745856354,0.1794516146183014,0.18511848151683807,0,0,0
"220571","Daniel Agrobom","PL",466,67,64,358,0.7271274924278259,0.86282722513089,-0.14427436888217926,-0.06614939868450165,0,0,0
"220572","Marussa Boldrin","MDB",331,36,33,163,0.780622661113739,0.8774422735346359,0.14907515048980713,0.4378199577331543,0,0,0
"220573","Dorinaldo Malafaia","PDT",400,33,23,303,0.8201346397399902,0.9262187088274044,0.7082177996635437,-0.35737183690071106,0,0,0
"220574","Cabo Gilberto Silva","PL",422,35,43,453,0.8175440430641174,0.9181532004197271,-0.6177313327789307,-0.29712432622909546,0,0,0
"220575","Sonize Barbosa","PL",142,50,41,111,0.5493430495262146,0.7354651162790697,-0.06667589396238327,-0.09999522566795349,0,0,0
"220576","Alfredo Gaspar","PL",445,60,75,434,0.7362092137336731,0.8668639053254438,-0.36358919739723206,-0.6031242609024048,0,0,0
"220577","Augusto Puppio","MDB",344,18,13,231,0.8702260851860046,0.9488448844884488,0.41869139671325684,0.6725795865058899,0,0,0
"220578","Josenildo","PDT",512,46,46,368,0.8082122206687927,0.9053497942386831,0.6207165122032166,-0.1510704606771469,0,0,0
"220579","Silvia Waiãpi","PL",205,13,15,231,0.8610799908638,0.9396551724137931,-0.5852734446525574,-0.21995623409748077,0,0,0
"220580","Professora Goreth","PDT",255,16,17,198,0.8607171177864075,0.9320987654320988,0.7025789618492126,-0.17384788393974304,0,0,0
"220581","Luciano Amaral","PSD",502,37,26,335,0.8575990796089172,0.93,0.5351323485374451,0.24290859699249268,0,0,0
"220582","Daniel Barbosa","PP",396,32,25,263,0.8187844157218933,0.9203910614525139,0.6052685976028442,0.14076724648475647,0,0,0
"220583","Delegado Fabio Costa","PP",454,73,74,393,0.7119958996772766,0.852112676056338,-0.23747102916240692,-0.02956565096974373,0,0,0
"220584","Murilo Galdino","REPUBLICANOS",479,15,18,337,0.88649982213974,0.9611307420494699,0.40802595019340515,0.7495132088661194,0,0,0
"220585","Mersinho Lucena","PSD",418,15,9,249,0.8949001431465149,0.9652677279305355,0.3401920795440674,0.6651825308799744,0,0,0
"220586","Rafael Brito","MDB",445,36,41,299,0.7845849394798279,0.9062119366626066,0.5081954598426819,0.019483907148241997,0,0,0
"220587","Gerlen Diniz","PP",214,75,62,177,0.5755574107170105,0.740530303030303,-0.04892480745911598,-0.2887135148048401,0,0,0
"220588","Roberto Duarte","REPUBLICANOS",510,121,98,467,0.6759273409843445,0.8168896321070234,-0.014116540551185608,-0.023973891511559486,0,0,0
"220589","Eduardo Velloso","SOLIDARIEDADE",361,65,67,259,0.6874536275863647,0.824468085106383,-0.0887131616473198,0.08326259255409241,0,0,0
"220590","Coronel Ulysses","UNIAO",401,65,64,364,0.7245070934295654,0.8557046979865772,-0.26900380849838257,-0.07674289494752884,0,0,0
"220591","Meire Serafim","UNIAO",466,38,29,280,0.8081315159797668,0.9175891758917589,0.5395151972770691,0.22570191323757172,0,0,0
"220592","Zezinho Barbary","PP",448,27,13,289,0.8543024063110352,0.9485199485199485,0.3549972176551819,0.4140684902667999,0,0,0
"220593","Abilio Brunini","PL",139,16,18,144,0.781244158744812,0.8927444794952681,-0.4808899760246277,-0.4355158805847168,0,0,0
"220594","Coronel Assis","PL",445,32,35,455,0.8273462653160095,0.9307135470527405,-0.47552722692489624,-0.3016718626022339,0,0,0
"220595","Coronel Fernanda","PL",470,18,30,420,0.8659024834632874,0.9488272921108742,-0.40767231583595276,-0.12179834395647049,0,0,0
"220596","Amália Barros","PL",122,5,13,129,0.8806798458099365,0.9330855018587361,-0.5828500390052795,-0.25430965423583984,0,0,0
"220597","Thiago Flores","REPUBLICANOS",375,81,93,280,0.6518426537513733,0.7901085645355851,-0.10017617046833038,-0.084437794983387,0,0,0
"220598","Tarcísio Motta","PSOL",463,39,27,480,0.8607147336006165,0.9345887016848364,0.7023119330406189,-0.7118692994117737,0,0,0
"220599","Marcelo Crivella","REPUBLICANOS",518,34,42,327,0.7885209321975708,0.9174809989142236,0.2849627435207367,0.9229109287261963,0,0,0
"220600","Lebrão","UNIAO",275,21,22,177,0.7744949460029602,0.9131313131313131,0.280425488948822,0.24948634207248688,0,0,0
"220601","Washington Quaquá","PT",171,1,3,108,0.948285698890686,0.9858657243816255,0.8557358980178833,0.10715679079294205,0,0,0
"220602","Dimas Gadelha","PT",481,3,8,345,0.9354469776153564,0.986857825567503,0.8944780230522156,0.011229443363845348,0,0,0
"220603","Dani Cunha","PL",445,54,38,283,0.7361899614334106,0.8878048780487805,0.22343039512634277,0.5640488862991333,0,0,0
"220604","Marcos Tavares","PDT",432,41,37,300,0.8170936107635498,0.9037037037037037,0.5923718214035034,-0.09385278075933456,0,0,0
"220605","Bandeira de Mello","PV",475,30,26,394,0.847969651222229,0.9394594594594594,0.801338255405426,-0.334516704082489,0,0,0
"220606","Reimont","PT",502,7,8,376,0.9412316679954529,0.9832026875699889,0.9113368988037109,-0.0542541965842247,0,0,0
"220607","Max Lemos","PDT",506,31,38,344,0.8268528580665588,0.9249183895538629,0.5601435303688049,0.01795532926917076,0,0,0
"220608","Cristiane Lopes","PODE",393,103,93,308,0.6423719525337219,0.78149386845039015,-0.04051999747753143,-0.2567836344242096,0,0,0
"220609","Maurício Carvalho","UNIAO",375,71,77,304,0.6948233246803284,0.8210399032648126,-0.09895126521587372,-0.2542817294597626,0,0,0
"220610","Dr. Fernando Máximo","UNIAO",368,46,55,324,0.7631160020828247,0.8726355611601513,-0.3249797224998474,-0.22155159711837769,0,0,0
"220611","General Pazuello","PL",433,22,34,380,0.8519387245178223,0.9355581127733027,-0.38505440950393677,-0.1275503933429718,0,0,0
"220612","Bebeto","PP",569,31,17,368,0.8844718337059021,0.9512690355329949,0.34791362285614014,0.697321355342865,0,0,0
"220613","Roberto Monteiro Pai","PL",415,21,36,346,0.833856463432312,0.9303178484107579,-0.3540486693382263,0.06898196786642075,0,0,0
"220614","Dr. Daniel Soranz","PSD",87,19,16,62,0.6244292855262756,0.8097826086956522,0.5577823519706726,-0.15016356110572815,0,0,0
"220615","Pastor Henrique Vieira","PSOL",456,33,20,439,0.8755201697349548,0.9440928270042194,0.7460541129112244,-0.665885329246521,0,0,0
"220616","Luciano Vieira","PSDB",421,48,33,251,0.7365922927856445,0.8924302788844621,0.24091565608978271,0.4250858724117279,0,0,0
"220617","Murillo Gouvea","UNIAO",512,26,24,319,0.848655641078949,0.9432463110102156,0.3352932631969452,0.381337970495224,0,0,0
"220618","Sargento Portugal","PODE",410,122,117,237,0.5940823554992676,0.7302483069977427,0.0696454718708992,0.04198478162288666,0,0,0
"220619","Delegado Ramagem","PL",406,15,29,442,0.8825152516365051,0.9506726457399103,-0.6313438415527344,-0.33837565779685974,0,0,0
"220620","Rosângela Reis","PL",464,56,63,330,0.7404189705848694,0.8696604600219058,-0.13597826659679413,0.15453696250915527,0,0,0
"220621","Sargento Gonçalves","PL",427,12,23,445,0.898949921131134,0.9614112458654906,-0.6695118546485901,-0.43508991599082947,0,0,0
"220622","Nely Aquino","PODE",437,23,29,269,0.8143784403800964,0.9313984168865436,0.41429388523101807,0.28129658102989197,0,0,0
"220623","Duda Salabert","PSOL",396,19,29,379,0.8479118347167969,0.9416767922235723,0.7370824217796326,-0.6758028864860535,0,0,0
"220624","Robinson Faria","PP",568,34,63,348,0.7598154544830322,0.9042448173741362,0.2395806461572647,0.38441982865333557,0,0,0
"220625","Delegada Ione","AVANTE",395,89,43,245,0.6771104335784912,0.8290155440414507,0.1555204540491104,0.04078847914934158,0,0,0
"220626","Rafael Simoes","UNIAO",430,88,76,287,0.681910514831543,0.8138479001135074,0.05076805129647255,0.04843437671661377,0,0,0
"220627","Paulinho Freire","UNIAO",200,39,34,118,0.6456608176231384,0.8132992327365729,0.036264341324567795,-0.08286885917186737,0,0,0
"220628","Mauricio do Vôlei","PL",397,18,22,372,0.8607960343360901,0.9505562422744128,-0.4777323007583618,-0.13124243915081024,0,0,0
"220629","Dandara","PT",399,6,10,298,0.9271825551986694,0.9775596072931276,0.8813428282737732,-0.049848079681396484,0,0,0
"220630","Pedro Aihara","PP",414,87,62,294,0.6852524280548096,0.8261376896149358,0.2056111842393875,-0.1893596649169922,0,0,0
"220631","Samuel Viana","REPUBLICANOS",506,36,19,287,0.8197416663169861,0.9351415094339622,0.2706051170825958,0.6819701790809631,0,0,0
"220632","Ana Pimentel","PT",488,9,7,395,0.9305263757705688,0.982202447163515,0.9207999110221863,-0.12426169961690903,0,0,0
"220633","Ricardo Salles","NOVO",248,30,22,322,0.8329198956489563,0.9163987138263665,-0.947179913520813,-0.2776203155517578,0,0,0
"220634","Marcelo Lima","PSB",100,8,12,66,0.754019021987915,0.8924731182795699,0.6287345886230469,-0.15362673997879028,0,0,0
"220635","Bruno Ganem","PODE",492,66,54,307,0.7290643453598022,0.8694232861806311,0.37131616473197937,-0.1008833721280098,0,0,0
"220637","Marina Silva","REDE",20,1,0,10,0.9539909362792969,0.967741935483871,0.7748765349388123,-0.6321125626564026,0,0,0
"220638","Antonio Carlos Rodrigues","PL",374,159,142,209,0.5364835262298584,0.6595022624434389,0.15031138062477112,-0.3329704701900482,0,0,0
"220639","Guilherme Boulos","PSOL",295,23,12,317,0.8593237400054932,0.9459041731066461,0.7162235379219055,-0.6978709101676941,0,0,0
"220640","Juliana Cardoso","PT",450,9,19,328,0.8719620704650879,0.9652605459057072,0.8741676807403564,-0.1832287311553955,0,0,0
"220641","Rodrigo Gambale","PODE",506,38,44,319,0.7854143381118774,0.9095920617420066,0.3933509588241577,0.18756502866744995,0,0,0
"220642","Delegado Bruno Lima","PODE",259,70,26,211,0.6942665576934814,0.8303886925795053,0.2827819585800171,-0.13744229078292847,0,0,0
"220643","Sônia Guajajara","PSOL",19,1,0,15,0.9391477108001709,0.9714285714285714,0.899090588092804,-0.43776270747184753,0,0,0
"220644","Rosangela Moro","UNIAO",412,67,45,401,0.7619941234588623,0.8789189189189189,-0.3845265209674835,-0.47147321701049805,0,0,0
"220645","Erika Hilton","PSOL",338,25,20,323,0.8695257902145386,0.9362606232294618,0.7352986931800842,-0.6777431964874268,0,0,0
"220646","Felipe Becari","PODE",325,43,29,244,0.7669569253921509,0.8876755070202809,0.4555409252643585,-0.09084904193878174,0,0,0
"220647","Mauricio Neves","PP",313,38,17,201,0.8102753162384033,0.9033391915641477,0.24445076286792755,0.7216741442680359,0,0,0
"220648","Marangoni","UNIAO",399,46,16,279,0.7965369820594788,0.9162162162162162,0.2901647090911865,0.19381611049175262,0,0,0
"220649","Delegado da Cunha","UNIAO",355,78,59,236,0.7057866454124451,0.8118131868131868,0.086788609623909,0.25830399990081787,0,0,0
"220650","Paulo Alexandre Barbosa","PSDB",411,97,66,286,0.6453441381454468,0.8104651162790698,0.21986983716487885,-0.3218604326248169,0,0,0
"220651","Simone Marquetto","MDB",375,55,63,178,0.7050991058349609,0.8241430700447094,0.09612078964710236,0.12909407913684845,0,0,0
"220652","Delegado Palumbo","PODE",460,41,38,462,0.8198547959327698,0.9210789210789211,-0.536767303943634,-0.8437303900718689,0,0,0
"220653","Fábio Teruel","MDB",356,164,108,253,0.5242087244987488,0.6912599318955732,0.12428772449493408,-0.3234259784221649,0,0,0
"220654","Delegado Paulo Bilynskyj","PL",472,18,30,518,0.8827813863754272,0.953757225433526,-0.7219148278236389,-0.49559926986694336,0,0,0
"220655","Mario Frias","PL",312,16,19,348,0.8822974562644958,0.9496402877697842,-0.6754628419876099,-0.39049792289733887,0,0,0
"220656","Fernanda Pessoa","PSD",490,40,24,376,0.810010552406311,0.9311827956989247,0.29369932413101196,0.4116823971271515,0,0,0
"220657","André Fernandes","PL",331,14,17,353,0.87454754114151,0.9566433566433566,-0.6035491228103638,-0.5076166987419128,0,0,0
"220658","Luiz Gastão","PSD",444,37,19,282,0.8098593950271606,0.928388746803069,0.33200204372406006,0.2448965609073639,0,0,0
"220659","Dayany Bittencourt","UNIAO",358,55,75,346,0.6970455050468445,0.8441247002398081,-0.26139020919799805,-0.39230141043663025,0,0,0
"220660","Yury do Paredão","MDB",368,32,23,213,0.8094468116760254,0.9135220125786163,0.3942786157131195,0.7131161689758301,0,0,0
"220661","Matheus Noronha","PL",389,37,51,243,0.7544882893562317,0.8777777777777778,-0.12848719954490662,0.16276797652244568,0,0,0
"220662","Lucas Ramos","PSB",490,26,27,369,0.8540502786636353,0.9418859649122807,0.6799066066741943,-0.07578917592763901,0,0,0
"220663","Eriberto Medeiros","PSB",463,19,31,321,0.8339163661003113,0.9400479616306955,0.6384997367858887,-0.0665411725640297,0,0,0
"220664","Guilherme Uchoa","PSD",470,47,49,294,0.7776971459388733,0.8883720930232558,0.540496289730072,0.058464571833610535,0,0,0
"220665","Clarissa Tércio","PP",396,20,31,367,0.8457431197166443,0.9373464373464373,-0.45665547251701355,-0.23936094343662262,0,0,0
"220666","Coronel Meira","PL",462,20,35,441,0.8535332679748535,0.94258872651357,-0.47118380665779114,-0.2490931898355484,0,0,0
"220667","Pedro Campos","PSB",508,19,28,382,0.880620002746582,0.9498399146211313,0.7875019311904907,-0.21063798666000366,0,0,0
"220668","Maria Arraes","PSB",507,11,23,428,0.9013435244560242,0.9649122807017544,0.8057109117507935,-0.05322977900505066,0,0,0
"220669","Lula da Fonte","PP",440,27,17,289,0.8388786911964417,0.943078913324709,0.3788125216960907,0.369630366563797,0,0,0
"220670","Iza Arruda","MDB",437,21,25,278,0.8507197499275208,0.9395532194480947,0.4880506992340088,0.2480287104845047,0,0,0
"220671","Dilvanda Faro","PT",501,3,14,390,0.9423666596412659,0.9812775330396476,0.8655407428741455,0.15296025574207306,0,0,0
"220672","Henderson Pinto","MDB",459,36,18,276,0.8268349766731262,0.9315589353612167,0.2972731292247772,0.3939903676509857,0,0,0
"220673","Delegado Caveira","PL",380,9,26,397,0.8866900205612183,0.9568965517241379,-0.6421604156494141,-0.36268481612205505,0,0,0
"220674","Dra. Alessandra Haber","PODE",358,16,22,196,0.8164799809455872,0.9358108108108109,0.34799152612686157,0.1622781753540039,0,0,0
"220675","Antônio Doido","MDB",488,32,20,303,0.8490068912506104,0.9383155397390273,0.3711627721786499,0.7751868963241577,0,0,0
"220676","Andreia Siqueira","MDB",427,23,25,256,0.835655152797699,0.9343365253077975,0.42118558287620544,0.28895798325538635,0,0,0
"220677","Keniston Braga","MDB",457,33,18,264,0.8288522958755493,0.9339378238341969,0.40776383876800537,0.5655830502510071,0,0,0
"220681","Fábio Macedo","PODE",383,23,28,230,0.8086037039756775,0.9231927710843374,0.46675658226013184,0.2851172983646393,0,0,0
"220682","Tadeu Veneri","PT",464,15,9,356,0.910667896270752,0.9715639810426541,0.9045867323875427,-0.25075563788414,0,0,0
"220683","Beto Richa","PSDB",522,53,51,317,0.7477118968963623,0.8897136797454931,0.27951982617378235,0.025927601382136345,0,0,0
"220684","Tião Medeiros","PP",375,68,26,263,0.7491017580032349,0.8715846994535519,0.1516127586364746,0.4754566550254822,0,0,0
"220685","Paulo Litro","PSD",466,67,39,287,0.7502671480178833,0.8766006984866124,0.20375290513038635,0.158358633518219,0,0,0
"220686","Duarte Jr.","AVANTE",448,58,81,346,0.7084751129150391,0.8510182207931404,0.5615702271461487,-0.5720618963241577,0,0,0
"220687","Márcio Honaiser","PDT",422,28,20,273,0.8330206274986267,0.9353970390309556,0.4698809087276459,0.18013563752174377,0,0,0
"220688","Dr. Francisco","PT",496,6,11,388,0.9327797889709473,0.9811320754716981,0.8675522804260254,0.12861737608909607,0,0,0
"220689","Detinha","PL",248,20,50,170,0.7068613767623901,0.8565573770491803,-0.09865294396877289,0.07084549218416214,0,0,0
"220690","Capitão Alden","PL",417,35,32,433,0.8346730470657349,0.9269356597600873,-0.5055344104766846,-0.3982680141925812,0,0,0
"220691","Diego Coronel","REPUBLICANOS",537,23,23,370,0.8585423231124878,0.9517313746065058,0.4145147204399109,0.46587732434272766,0,0,0
"220692","Dal Barreto","UNIAO",441,19,17,275,0.8631770610809326,0.9521276595744681,0.3358466625213623,0.4877811372280121,0,0,0
"220693","Roberta Roma","PL",329,11,31,313,0.8607839941978455,0.9385964912280702,-0.39752957224845886,-0.20114488899707794,0,0,0
"220694","Ricardo Maia","MDB",468,27,22,296,0.8445755839347839,0.939729397293973,0.4524558484554291,0.5105395317077637,0,0,0
"220695","Rogéria Santos","REPUBLICANOS",500,12,14,286,0.8911049365997314,0.9679802955665024,0.34650206565856934,0.9380492568016052,0,0,0
"220696","Ivoneide Caetano","PT",489,3,6,386,0.9496477842330933,0.9898190045248869,0.8914371132850647,-0.007718799170106649,0,0,0
"220697","Jadyel Alencar","REPUBLICANOS",416,28,18,233,0.8419176936149597,0.9338129496402877,0.43870875239372253,0.48774898052215576,0,0,0
"220698","Beto Preto","PSD",63,6,4,38,0.771919310092926,0.9099099099099099,0.2321949154138565,0.005327245220541954,0,0,0
"220699","Castro Neto","PSD",453,26,22,302,0.8603954911231995,0.9402241594022416,0.4694947600364685,0.37518638372421265,0,0,0
"220700","Florentino Neto","PT",455,2,9,364,0.9500166773796082,0.9867469879518073,0.86913001537323,0.15778228640556335,0,0,0
"220701","Delegado Matheus Laiola","UNIAO",513,59,37,339,0.7732676267623901,0.8987341772151899,0.3914058208465576,0.006904354318976402,0,0,0
"220702","Geraldo Mendes","UNIAO",355,42,29,205,0.7672463059425354,0.8874801901743264,0.22477740049362183,0.3060351312160492,0,0,0
"220703","Neto Carletto","AVANTE",502,21,16,325,0.8787941932678223,0.9571759259259259,0.40246719121932983,0.5629263520240784,0,0,0
"220704","Carol Dartora","PT",375,4,3,273,0.9484162330627441,0.9893129770992366,0.8947021961212158,-0.05715086683630943,0,0,0
"220705","Deltan Dallagnol","PODE",36,3,4,32,0.7621145844459534,0.9066666666666666,-0.4138931632041931,-0.45122286677360535,0,0,0
"220706","Padovani","UNIAO",235,52,36,159,0.6958321332931519,0.8174273858921162,-0.11429426819086075,0.2381204515695572,0,0,0
"220707","Amanda Gentil","PP",351,22,11,225,0.8690841794013977,0.9458128078817734,0.4093502163887024,0.545161247253418,0,0,0
"220708","Gabriel Nunes","PSD",531,36,29,344,0.8476788401603699,0.9308510638297872,0.5093652606010437,0.22993695735931396,0,0,0
"220712","Fausto Jr.","UNIAO",404,24,15,241,0.8401705622673035,0.9429824561403509,0.3259626030921936,0.5248664021492004,0,0,0
"220713","Saullo Vianna","MDB",274,21,19,161,0.769355297088623,0.9157894736842105,0.370960533618927,0.1602623462677002,0,0,0
"220714","Adail Filho","MDB",542,23,14,348,0.8822585344314575,0.9600862998921251,0.3463304042816162,0.86936187744140625,0,0,0
"220715","Amom Mandel","CIDADANIA",320,71,82,205,0.6099256277084351,0.7743362831858407,0.28051844239234924,-0.5979181528091431,0,0,0
"221148","Alfredinho","PT",523,2,12,411,0.940491259098053,0.9852320675105485,0.8773100972175598,0.10546725243330002,0,0,0
"221328","Adilson Barroso","PL",391,17,30,338,0.8471322059631348,0.9394329896907216,-0.4173188805580139,-0.03906462714076042,0,0,0
"221329","Ricardo Abrão","PSDB",272,19,11,141,0.8266710042953491,0.9322799097065463,0.2959098815917969,0.5681270956993103,0,0,0
"221338","Professora Luciene Cavalcante","PSOL",435,39,18,434,0.8763779997825623,0.9384449244060475,0.7103346586227417,-0.7038640379905701,0,0,0
"221339","Dr. Benjamim","UNIAO",238,13,13,140,0.83454430103302,0.9356435643564357,0.36717867851257324,0.45025140047073364,0,0,0
"221378","Reginete Bispo","PT",243,8,2,161,0.9171181917190552,0.9758454106280193,0.8604140281677246,-0.14952969551086426,0,0,0
"222142","Coronel Telhada","PP",151,20,13,152,0.7635876536369324,0.9017857142857143,-0.5102589726448059,-0.20667214691638947,0,0,0
"222429","Luis Carlos Gomes","REPUBLICANOS",483,26,18,293,0.8663378357887268,0.9463414634146341,0.2838025689125061,0.958882749080658,0,0,0
"222565","Soldado Noelio","UNIAO",17,1,1,17,0.7645187973976135,0.9444444444444444,-0.3837544918060303,-0.6915033459663391,0,0,0
"223128","Rodrigo Estacho","PSD",366,96,62,271,0.6544759273529053,0.8012578616352202,0.031627316027879715,-0.08629725128412247,0,0,0
"223398","Ulisses Guimarães","MDB",40,9,1,20,0.7122637033462524,0.8571428571428571,0.0894821509718895,0.18643543124198914,0,0,0
"224117","Gabriel Mota","UNIAO",539,22,20,345,0.8843196034431458,0.9546436285097192,0.3653835356235504,0.9308570623397827,0,0,0
"224333","Welter","PT",477,5,5,381,0.9334927201271057,0.988479262672811,0.8687360286712646,-0.028140131384134293,0,0,0
"225386","Renan Ferreirinha","PSD",49,0,3,22,0.9022982716560364,0.9594594594594594,0.5058261752128601,0.153666689991951,0,0,0
"225727","Flavinha","MDB",37,20,6,40,0.5999760031700134,0.7475728155339806,0.1040709987282753,0.06724987924098969,0,0,0
"225730","Enfermeira Ana Paula","PODE",163,13,11,98,0.7850846648216248,0.9157894736842105,0.5683926343917847,0.07591427862644196,0,0,0
"226075","Priscila Costa","PL",53,1,2,52,0.9233099818229675,0.9722222222222222,-0.7739112377166748,-0.6332942247390747,0,0,0
"226179","Gisela Simona","UNIAO",451,87,69,412,0.7001501321792603,0.8469087340529932,0.16736531257629395,-0.3601006865501404,0,0,0
"226410","Márcio Correa","MDB",45,4,11,34,0.7365507483482361,0.8404255319148937,-0.5473325252532959,-0.23797249794006348,0,0,0
"226553","Eliane Braz","PSD",31,1,2,40,0.9040870666503906,0.9594594594594594,0.36477845907211304,0.42547035217285156,0,0,0
"226708","Allan Garcês","PP",308,68,57,248,0.6998924016952515,0.8164464023494861,-0.09123282879590988,0.25683197379112244,0,0,0
"226837","Saulo Pedroso","PSD",332,41,30,223,0.762084424495697,0.8865814696485623,0.3780028820037842,-0.08420666307210922,0,0,0
"227275","Mariana Carvalho","REPUBLICANOS",33,14,14,14,0.5525516271591187,0.6266666666666667,-0.07943013310432434,-0.03247915208339691,0,0,0
"227310","Silvio Antonio","PL",80,2,9,65,0.8556334376335144,0.9294871794871795,-0.38534224033355713,-0.18252547085285187,0,0,0
"227323","Luciano Galego","PL",26,4,6,20,0.7783456444740295,0.8214285714285714,-0.29756787419319153,-0.3579195439815521,0,0,0
"227324","Henrique Júnior","PL",52,0,4,24,0.7956251502037048,0.95,0.3030248284339905,0.04390200227499008,0,0,0
"227370","Felipe Saliba","PRD",37,15,7,26,0.5921832323074341,0.7411764705882353,-0.11022744327783585,-0.04517392814159393,0,0,0
"227401","Dr Fabio Rueda","UNIAO",44,7,3,20,0.7198176383972168,0.8648648648648649,0.02237151376903057,0.2530340254306793,0,0,0
"227433","Douglas Viegas","UNIAO",261,74,37,209,0.6776537299156189,0.8089500860585198,0.29516300559043884,-0.3250789940357208,0,0,0
"227660","Nitinho","PSD",167,9,11,107,0.8183597922325134,0.9319727891156463,0.3492819368839264,0.3691405951976776,0,0,0
"227800","Duarte Gonçalves Jr","REPUBLICANOS",40,7,2,16,0.6659446954727173,0.8615384615384616,0.16129815578460693,0.2401033341884613,0,0,0
"227991","Dr Flávio","PL",90,2,4,70,0.8753224611282349,0.963855421686747,-0.32035401463508606,-0.024861324578523636,0,0,0
"228042","Naumi Amorim","PSD",15,0,2,7,0.8159509301185608,0.9166666666666666,0.3910268545150757,0.3095424473285675,0,0,0
"228272","Délio Pinheiro","PDT",32,2,3,13,0.7303310632705688,0.9,0.47234126925468445,-0.2176245152950287,0,0,0
"228616","Dr. Remy Soares","PP",31,2,2,23,0.8868550658226013,0.9310344827586207,0.31519851088523865,0.7449812889099121,0,0,0
"228797","Júlio Oliveira","PP",43,1,0,27,0.9676817655563354,0.9859154929577465,0.3315015733242035,0.9434546828269958,0,0,0
"228837","Juliana Kolankiewicz","MDB",31,3,5,36,0.8057299256324768,0.8933333333333333,-0.03558644279837608,0.11010831594467163,0,0,0
"228941","Daniel José","PODE",26,3,3,25,0.8234273195266724,0.8947368421052632,-0.7139442563056946,-0.03914615511894226,0,0,0
"229069","Capitão Samuel","PP",20,3,5,10,0.6722950339317322,0.7894736842105263,0.04904982075095177,0.13072523474693298,0,0,0
"229082","Lucyana Genésio","PDT",28,0,0,16,0.977398693561554,1,0.7706719040870667,0.1490047723054886,0,0,0
"229106","Carla Ayres","PT",34,1,0,26,0.9167268872261047,0.9836065573770492,0.9050928950309753,-0.2338419407606125,0,0,0
"229112","Pedro Jr","PL",24,1,0,27,0.873214840888977,0.9807692307692307,-0.45659202337265015,0.1317386031150818,0,0,0
"229225","Michele Collins","PP",23,2,5,28,0.7522594332695007,0.8793103448275862,-0.23084796965122223,-0.051075540482997894,0,0,0
"229259","Pedro Tourinho","PT",34,0,0,31,0.9684879183769226,1,0.8564456105232239,0.15091799199581146,0,0,0
"229333","Gláucia Santiago","PL",25,2,1,30,0.8682906031608582,0.9482758620689655,-0.5364535450935364,-0.14222979545593262,0,0,0
"229432","Luiz Fernando Vampiro","MDB",184,15,16,159,0.8107849359512329,0.9171122994652406,-0.3699582517147064,0.0979653149843216,0,0,0
"229585","Elisangela Araujo","PT",45,0,0,44,0.9788717031478882,1,0.8634849786758423,0.06108444929122925,0,0,0
"229939","Newton Bonin","UNIAO",65,2,4,42,0.8645154237747192,0.9469026548672567,0.35388630628585815,0.20093850791454315,0,0,0
"230088","Dra. Mayra Pinheiro","PL",30,3,0,42,0.7769938707351685,0.96,-0.51983243227005,-0.29928967356681824,0,0,0
"230177","Tadeu Oliveira","PL",42,4,5,26,0.7614025473594666,0.8831168831168831,-0.019025804474949837,0.39092743396759033,0,0,0
"230762","Pastor Claudio Mariano","UNIAO",145,11,9,89,0.8172568082809448,0.9212598425196851,0.22055724263191223,0.7480810880661011,0,0,0
"230764","Ivan Júnior","UNIAO",14,0,0,6,0.9902697801589966,1,0.9262999296188354,0.3767867982387543,0,0,0
"230765","Enfermeira Rejane","PCDOB",211,8,7,191,0.8855708241462708,0.9640287769784173,0.8771710991859436,-0.32133692502975464,0,0,0
"230767","Rodrigo da Zaeli","PL",218,16,10,200,0.8700335025787354,0.9414414414414415,-0.4179307222366333,-0.025714091956615448,0,0,0
"230768","Zé Adriano","PP",256,17,10,160,0.8149688839912415,0.9390519187358917,0.343142032623291,0.5206590294837952,0,0,0
"230957","João Cury","MDB",199,15,8,120,0.8038755655288696,0.9327485380116959,0.431480348110199,0.24552004039287567,0,0,0
"231911","Lenir de Assis","PT",200,4,2,174,0.946506917476654,0.9842105263157894,0.9907804131507874,-0.13547709584236145,0,0,0
"233218","Nelinho Freitas","MDB",54,3,0,35,0.9228482246398926,0.967391304347826,0.4181898832321167,0.8152176737785339,0,0,0
"233592","Paulo Lemos","PT",83,5,6,66,0.8869448900222778,0.93125,0.7340301871299744,-0.6791167259216309,0,0,0
"233594","Rafael Fera","PODE",119,31,20,60,0.6538369059562683,0.7782608695652173,0.08275335282087326,-0.09139017760753632,0,0,0
"233598","Samuel Santos","PODE",94,3,9,49,0.8088459372520447,0.9225806451612903,0.414659321308136,0.45055437088012695,0,0,0
"234253","Lucas Abrahao","REDE",36,1,1,34,0.905824601650238,0.9722222222222222,0.7016561627388,-0.712515652179718,0,0,0
"234310","Ricardo Galvão","REDE",59,7,6,52,0.7277147173881531,0.8951612903225806,0.6114521622657776,-0.7912813425064087,0,0,0
"234388","Fabiano Cazeca","PRD",32,7,3,17,0.6865674257278442,0.8305084745762712,0.2827810049057007,-0.2883380651473999,0,0,0
"234406","Elmano Férrer","PP",47,1,1,21,0.9202677607536316,0.9714285714285714,0.258615642786026,0.8654013276100159,0,0,0
"234673","Vanderlan Alves","REPUBLICANOS",66,9,7,41,0.7536412477493286,0.8699186991869918,0.4293445348739624,0.22266927361488342,0,0,0
"234788","Heloísa Helena","REDE",46,3,1,32,0.919559121131897,0.9512195121951219,0.7416330575942993,-0.670805811882019,0,0,0
"234840","Cristiano Furlan","REDE",10,1,0,11,0.8802757859230042,0.9545454545454546,0.6239884495735168,-0.7814335823059082,0,0,0
"235088","Ribeiro Neto","SOLIDARIEDADE",47,2,3,34,0.8264443278312683,0.9418604651162791,0.4403572976589203,-0.09676167368888855,0,0,0
"235620","Ilacir Bicalho","REPUBLICANOS",22,1,3,8,0.7913159132003784,0.8823529411764706,0.24873614311218262,0.8100634217262268,0,0,0
"235712","Vavá","AVANTE",21,0,1,13,0.9003438353538513,0.9714285714285714,0.4051084518432617,0.2828150689601898,0,0,0
"235776","Sérgio Turra","PP",19,8,2,13,0.720928966999054,0.7619047619047619,-0.5683087706565857,0.8228154182434082,0,0,0
"235800","Jorge Araújo","PP",17,0,0,7,0.9148319363594055,1,0.336736261844635,0.19646087288856506,0,0,0
"235869","João Carlos","REPUBLICANOS",20,1,1,9,0.8156032562255859,0.9354838709677419,0.29134541749954224,0.9566178917884827,0,0,0
"62881","Danilo Forte","UNIAO",376,62,41,230,0.7156856060028076,0.8547249647390691,0.253966748714447,-0.10454501956701279,0,0,0
"66385","Julio Arcoverde","PP",392,21,19,260,0.8617491126060486,0.9421965317919075,0.3191027343273163,0.6650437712669373,0,0,0
"66828","Fausto Pinato","PP",440,43,24,281,0.771457850933075,0.9149746192893401,0.3278786242008209,0.3933015763759613,0,0,0
"68720","Fábio Henrique","UNIAO",28,3,1,24,0.8196241855621338,0.9285714285714286,0.37820789217948914,-0.14857600629329681,0,0,0
"69871","Bacelar","PV",554,9,14,443,0.9237813353538513,0.9774509803921568,0.8855241537094116,0.03856629133224487,0,0,0
"72442","Felipe Carreras","PSB",403,29,36,280,0.7994409203529358,0.9131016042780749,0.6131554245948792,0.052233316004276276,0,0,0
"73433","Arlindo Chinaglia","PT",491,5,7,378,0.9347169399261475,0.9863791146424518,0.8745797872543335,0.007633751258254051,0,0,0
"73441","Celso Russomanno","REPUBLICANOS",440,29,27,247,0.8109031915664673,0.9246298788694481,0.29124322533607483,0.5733103156089783,0,0,0
"73486","Pompeo de Mattos","PDT",448,35,59,295,0.7501639723777771,0.8876941457586619,0.47293201088905334,-0.14604704082012177,0,0,0
"73531","Ivan Valente","PSOL",407,32,16,375,0.8565037846565247,0.9421686746987952,0.7290104627609253,-0.6845025420188904,0,0,0
"73579","Alberto Fraga","PL",442,32,45,387,0.8060629367828369,0.9150110375275938,-0.37150901556015015,-0.10545963793992996,0,0,0
"73604","Rui Falcão","PT",473,14,11,414,0.9155370593070984,0.9725877192982456,0.8779330253601074,-0.16230922937393188,0,0,0
"73692","Osmar Terra","PL",369,15,29,354,0.8405992984771729,0.9426336375488917,-0.4313984513282776,-0.2218090444803238,0,0,0
"73701","Benedita da Silva","PT",455,2,4,350,0.9495049715042114,0.9926017262638718,0.8989614248275757,0.005783562082797289,0,0,0
"73768","Dilceu Sperafico","PP",476,85,54,327,0.7275152206420898,0.8524416135881104,0.11493828147649765,0.2675093412399292,0,0,0
"73778","Luiz Carlos Hauly","PODE",376,46,43,235,0.7324538826942444,0.8728571428571429,0.31006908416748047,-0.10148556530475616,0,0,0
"73788","Ricardo Barros","PP",185,8,2,118,0.8713929057121277,0.9680511182108626,0.3260743021965027,0.6462642550468445,0,0,0
"73801","Renildo Calheiros","PCDOB",542,14,15,427,0.9085068702697754,0.9709418837675351,0.8786255717277527,-0.15783342719078064,0,0,0
"73806","Roseana Sarney","MDB",143,5,4,96,0.9038678407669067,0.9637096774193549,0.5542284250259399,0.48097294569015503,0,0,0
"73808","Sérgio Brito","PSD",80,6,4,42,0.8245124220848083,0.9242424242424242,0.5477777719497681,0.21393071115016937,0,0,0
"74041","Luiz Couto","PT",616,9,4,537,0.9462791085243225,0.9888507718696398,0.9097041487693787,-0.054528363049030304,0,0,0
"74043","Wellington Roberto","PL",274,21,36,212,0.7807096838951111,0.8950276243093923,-0.26146945357322693,-0.04506225883960724,0,0,0
"74044","Wilson Santiago","REPUBLICANOS",398,19,17,243,0.8639507293701172,0.946824224519941,0.4042237102985382,0.9146600961685181,0,0,0
"74052","Bosco Costa","PL",30,3,7,24,0.6203361749649048,0.84375,0.2262294888496399,0.1710447371006012,0,0,0
"74057","Alice Portugal","PCDOB",524,12,13,431,0.9232609272003174,0.9744897959183674,0.9290980696678162,-0.1406247615814209,0,0,0
"74060","Daniel Almeida","PCDOB",469,14,10,360,0.9135493636131287,0.9718640093786636,0.9193018078804016,-0.16368429362773895,0,0,0
"74065","Fatima Pelaes","REPUBLICANOS",85,4,2,49,0.875696063041687,0.9571428571428572,0.36851316690444946,0.9296225905418396,0,0,0
"74075","Elcione Barbalho","MDB",269,13,14,170,0.8672876954078674,0.9420600858369099,0.6776803731918335,0.21577033400535583,0,0,0
"74079","José Priante","MDB",298,15,8,178,0.8754227161407471,0.9539078156312625,0.45182451605796814,0.521872341632843,0,0,0
"74084","Raimundo Santos","PSD",478,91,79,299,0.690911591053009,0.8204857444561774,0.05269970744848251,0.13012751936912537,0,0,0
"74090","Átila Lins","PSD",383,30,23,238,0.8103682994842529,0.9213649851632048,0.463798850774765,0.07622018456459045,0,0,0
"74095","Pauderney Avelino","UNIAO",258,24,17,174,0.7657197117805481,0.9133192389006343,0.3330113887786865,0.10387702286243439,0,0,0
"74141","Josias Gomes","PT",435,5,7,325,0.9050397872924805,0.9844559585492227,0.8475635647773743,-0.053564488887786865,0,0,0
"74156","Leonardo Monteiro","PT",452,7,16,332,0.902275800704956,0.9714993804213135,0.8556507229804993,-0.05851631984114647,0,0,0
"74158","Mário Heringer","PDT",366,28,27,235,0.8316984176635742,0.9161585365853658,0.5939222574234009,-0.06452707201242447,0,0,0
"74159","Odair Cunha","PT",489,4,13,379,0.9189524054527283,0.9807909604519774,0.8484674096107483,0.08841501176357269,0,0,0
"74160","Patrus Ananias","PT",541,9,11,444,0.9208318591117859,0.9800995024875622,0.896124005317688,-0.14501895010471344,0,0,0
"74161","Reginaldo Lopes","PT",352,4,5,256,0.9209051132202148,0.9854132901134521,0.8891885280609131,-0.06183340772986412,0,0,0
"74171","Chico Alencar","PSOL",509,40,30,475,0.8719844818115234,0.9335863377609108,0.737734854221344,-0.6750906109809875,0,0,0
"74253","Julio Lopes","PP",409,16,14,247,0.8867568373680115,0.956268221574344,0.3654387593269348,0.662160336971283,0,0,0
"74262","Carlos Sampaio","PSD",363,109,104,247,0.6092450618743896,0.741190765492102,0.047342319041490555,-0.3359206020832062,0,0,0
"74270","Gilberto Nascimento","PODE",163,19,13,73,0.7470915913581848,0.8805970149253731,0.13892745971679688,0.10599876940250397,0,0,0
"74273","Jefferson Campos","PL",410,21,38,360,0.8406409621238708,0.9288299155609168,-0.37370923161506653,-0.22324611246585846,0,0,0
"74283","Vicentinho","PT",452,6,4,374,0.9420133233070374,0.9880382775119617,0.9028096795082092,-0.03780289739370346,0,0,0
"74295","Inácio Arruda","PCDOB",15,0,1,12,0.8785988688468933,0.9642857142857143,0.8133754730224609,0.2536490261554718,0,0,0
"74299","Leônidas Cristino","PDT",357,25,28,265,0.8581545352935791,0.9214814814814815,0.6786670088768005,-0.1687559336423874,0,0,0
"74317","Júlio Cesar","PSD",406,17,24,268,0.8481045365333557,0.9426573426573427,0.4422839879989624,0.3615945875644684,0,0,0
"74356","Silas Câmara","REPUBLICANOS",348,12,20,194,0.8400787115097046,0.9442508710801394,0.3153415322303772,0.9121077060699463,0,0,0
"74371","Rubens Otoni","PT",380,2,4,326,0.9404746294021606,0.9915730337078652,0.8785912990570068,-0.025387801229953766,0,0,0
"74374","Geraldo Resende","PSDB",468,63,42,298,0.7392063736915588,0.8794489092996556,0.442458838224411,-0.032202642410993576,0,0,0
"74376","Vander Loubet","PT",452,8,7,347,0.9081702828407288,0.9815724815724816,0.8725218772888184,-0.042328525334596634,0,0,0
"74383","Giacobo","PL",217,7,21,170,0.8221906423568726,0.9325301204819277,-0.2984822392463684,-0.05893554165959358,0,0,0
"74398","Maria do Rosário","PT",420,14,9,313,0.889962911605835,0.9695767195767195,0.8762025833129883,-0.15892477333545685,0,0,0
"74400","Paulo Pimenta","PT",233,4,4,193,0.9123749732971191,0.9815668202764977,0.9283029437065125,-0.16131892800331116,0,0,0
"74428","Mendonça Filho","UNIAO",409,59,127,279,0.6391613483428955,0.7871853546910755,-0.14637404680252075,-0.3600214123725891,0,0,0
"74454","Eunício Oliveira","MDB",296,19,31,175,0.7571011781692505,0.9040307101727447,0.3716641068458557,0.17871224880218506,0,0,0
"74467","Damião Feliciano","UNIAO",432,25,30,273,0.8050238490104675,0.9276315789473685,0.36486396193504333,0.274314284324646,0,0,0
"74478","Luciano Bivar","UNIAO",168,22,13,97,0.7216333150863647,0.8833333333333333,0.6371791362762451,0.06792925298213959,0,0,0
"74537","Claudio Cajado","PP",466,29,14,326,0.8587297201156616,0.948502994011976,0.3401828408241272,0.5373027324676514,0,0,0
"74550","João Leão","PP",419,25,19,287,0.8324819207191467,0.9413333333333334,0.32272961735725403,0.46836888790130615,0,0,0
"74554","José Rocha","UNIAO",441,19,24,277,0.8384171724319458,0.9434954007884363,0.31836485862731934,0.3145516514778137,0,0,0
"74574","Paulo Magalhães","PSD",534,21,24,339,0.8627040386199951,0.9509803921568627,0.4371291995048523,0.36001771688461304,0,0,0
"74585","Lincoln Portela","PL",368,18,30,328,0.8485469818115234,0.9354838709677419,-0.42974185943603516,-0.2216147631406784,0,0,0
"74646","Aécio Neves","PSDB",290,39,34,144,0.683212161064148,0.8560157790927022,0.29222434759140015,-0.06039579212665558,0,0,0
"74696","Alberto Mourão","MDB",159,17,10,89,0.77925705909729,0.9018181818181819,0.3545835614204407,0.12239544838666916,0,0,0
"74784","Luiza Erundina","PSOL",379,32,20,347,0.8753238320350647,0.9331619537275064,0.7991421222686768,-0.6011422276496887,0,0,0
"74848","Jandira Feghali","PCDOB",514,15,10,412,0.9238332509994507,0.9737118822292324,0.9157460331916809,-0.15246769785881042,0,0,0
"74856","Laura Carneiro","PSD",501,40,39,370,0.8253798484802246,0.9168421052631579,0.5597134232521057,0.07433522492647171,0,0,0
"74858","Lindbergh Farias","PT",519,10,11,398,0.9228550791740417,0.9776119402985075,0.9407204985618591,-0.1822519153356552,0,0,0
"77003","Sergio Santos Rodrigues","PODE",51,2,1,28,0.8362206816673279,0.9634146341463414,0.3513692319393158,0.444247841835022,0,0,0
"80815","Leo Prates","PDT",457,25,30,321,0.845016360282898,0.9339735894357744,0.5912160873413086,0.06756296008825302,0,0,0
"81055","Márcio Jerry","PCDOB",503,11,8,389,0.9332130551338196,0.9791437980241493,0.9137800335884094,-0.13749390840530396,0,0,0
"88256","Clodoaldo Magalhães","PV",457,11,6,355,0.9317260980606079,0.9794933655006032,0.9062833189964294,-0.18582557141780853,0,0,0
"89536","Prof. Paulo Fernando","REPUBLICANOS",98,40,28,63,0.6085206866264343,0.7030567685589519,-0.12570925056934357,0.17052195966243744,0,0,0
"91228","Waldemar Oliveira","AVANTE",602,29,38,418,0.8443966507911682,0.9383624655013799,0.4809502959251404,0.4203210473060608,0,0,0
"92102","Leur Lomanto Júnior","UNIAO",440,28,22,223,0.8061789274215698,0.9298737727910238,0.27819615602493286,0.2509249746799469,0,0,0
"92346","Eduardo Bolsonaro","PL",159,8,13,169,0.8617516756057739,0.9398280802292264,-0.6852158308029175,-0.2663561999797821,0,0,0
"92699","Fernando Monteiro","PSD",456,33,14,288,0.8671191334724426,0.9405815423514539,0.41157039999961853,0.5588805675506592,0,0,0
"92776","Stefano Aguiar","PSD",322,52,24,217,0.7638726830482483,0.8764227642276423,0.24692411720752716,0.15702565014362335,0,0,0
"98057","Lafayette de Andrada","REPUBLICANOS",338,42,25,252,0.7637628316879272,0.898021308980213,0.173354372382164,0.5884241461753845,0,0,0
"98148","Cobalchini","MDB",419,109,71,325,0.6765802502632141,0.8051948051948052,-0.0058954996056854725,0.18954916298389435,0,0,0
"98615","Ismael","PSD",373,103,81,254,0.6162378787994385,0.7731196054254007,0.008379979990422726,-0.04784028232097626,0,0,0
